{
  "trainedWithDSSVersion": "13.4.2",
  "backend": "PY_MEMORY",
  "isValid": true,
  "type": "MULTICLASS_PROBABILISTIC",
  "algorithm_name": "FOREST_CLASSIFIER",
  "columns": [
    "principal_component:0",
    "principal_component:1",
    "principal_component:2",
    "principal_component:3",
    "principal_component:4",
    "principal_component:5",
    "principal_component:6",
    "principal_component:7",
    "principal_component:8",
    "principal_component:9",
    "principal_component:10",
    "principal_component:11",
    "principal_component:12",
    "principal_component:13",
    "principal_component:14",
    "principal_component:15",
    "principal_component:16",
    "principal_component:17",
    "principal_component:18",
    "principal_component:19",
    "principal_component:20",
    "principal_component:21",
    "principal_component:22",
    "principal_component:23",
    "principal_component:24"
  ],
  "classes": [
    "Structural/Stratigraphic Trap",
    "Hybrid or Unspecified",
    "Unspecified",
    "Open, no identified structural/ stratigraphic confinement",
    "Fully Confined (closed box)",
    "Hybrid ",
    "structural/Stratigraphic Trap",
    "Monoclinal"
  ]
}