{
    "perClassFacts": {
        "Structural/Stratigraphic Trap": {
            "type": {
                "impact": 0.2712245369581221,
                "rank": 1,
                "feature": "type",
                "positiveCategoricalValue": "Petroleum",
                "negativeCategoricalValue": "Saline",
                "infoGain": 0.6534181947937018,
                "type": "CATEGORICAL"
            },
            "unit_designation": {
                "impact": 0.1769995170023776,
                "rank": 2,
                "feature": "unit_designation",
                "positiveCategoricalValue": "Oil & Gas Fields",
                "negativeCategoricalValue": "Saline Aquifer",
                "infoGain": 0.5500532190560306,
                "type": "CATEGORICAL"
            },
            "source_of_storage_efficiency_factor": {
                "impact": 0.07385434173732917,
                "rank": 4,
                "feature": "source_of_storage_efficiency_factor",
                "positiveCategoricalValue": "Theoretical Volumetric",
                "negativeCategoricalValue": "Theoretical Volumetric",
                "infoGain": 0.6113205315988463,
                "type": "CATEGORICAL"
            },
            "country": {
                "impact": 0.07342251985971704,
                "rank": 6,
                "feature": "country",
                "positiveCategoricalValue": "United Kingdom",
                "negativeCategoricalValue": "Australia",
                "infoGain": 0.5050162951077404,
                "type": "CATEGORICAL"
            },
            "formation": {
                "impact": 0.06868801898427854,
                "rank": 7,
                "feature": "formation",
                "positiveCategoricalValue": "Undifferentiated",
                "negativeCategoricalValue": "Unknown",
                "infoGain": 0.6135252492554032,
                "type": "CATEGORICAL"
            },
            "permeability_md": {
                "impact": 0.060854572226131144,
                "rank": 9,
                "feature": "permeability_md",
                "positiveCategoricalValue": "0",
                "negativeCategoricalValue": "",
                "infoGain": 0.5635879882413879,
                "type": "CATEGORICAL"
            },
            "brine_salinity": {
                "impact": 0.050122629097152316,
                "rank": 12,
                "feature": "brine_salinity",
                "positiveCategoricalValue": "0",
                "negativeCategoricalValue": "",
                "infoGain": 0.6391997827843018,
                "type": "CATEGORICAL"
            },
            "depth": {
                "impact": 0.047425081484410846,
                "rank": 13,
                "feature": "depth",
                "positiveCategoricalValue": "",
                "negativeCategoricalValue": "",
                "infoGain": 0.5945853382461636,
                "type": "CATEGORICAL"
            },
            "area": {
                "impact": 0.03756966029168812,
                "rank": 15,
                "feature": "area",
                "positiveCategoricalValue": "North Sea",
                "negativeCategoricalValue": "North Sea",
                "infoGain": 0.5916800870523498,
                "type": "CATEGORICAL"
            },
            "basin": {
                "impact": 0.03469031204950523,
                "rank": 17,
                "feature": "basin",
                "positiveCategoricalValue": "Southern North Sea - Anglo-Dutch",
                "negativeCategoricalValue": "",
                "infoGain": 0.5552827254289974,
                "type": "CATEGORICAL"
            },
            "age": {
                "impact": 0.034541799962138846,
                "rank": 18,
                "feature": "age",
                "positiveCategoricalValue": "",
                "negativeCategoricalValue": "Unknown",
                "infoGain": 0.5814632163407483,
                "type": "CATEGORICAL"
            }
        },
        "Hybrid or Unspecified": {
            "latitude": {
                "impact": 0.24433039174685098,
                "rank": 1,
                "feature": "latitude",
                "correlation": -0.8094343292189619,
                "type": "NUMERICAL"
            },
            "type": {
                "impact": 0.18737328948171944,
                "rank": 2,
                "feature": "type",
                "positiveCategoricalValue": "Saline",
                "negativeCategoricalValue": "Petroleum",
                "infoGain": 0.6534181947937018,
                "type": "CATEGORICAL"
            },
            "region": {
                "impact": 0.1672236331159417,
                "rank": 3,
                "feature": "region",
                "positiveCategoricalValue": "Americas",
                "negativeCategoricalValue": "Europe",
                "infoGain": 0.5237942759807861,
                "type": "CATEGORICAL"
            },
            "formation": {
                "impact": 0.10372785985728315,
                "rank": 5,
                "feature": "formation",
                "positiveCategoricalValue": "Undifferentiated",
                "negativeCategoricalValue": "",
                "infoGain": 0.6503686560688694,
                "type": "CATEGORICAL"
            },
            "country": {
                "impact": 0.0816120713329761,
                "rank": 7,
                "feature": "country",
                "positiveCategoricalValue": "United States of America",
                "negativeCategoricalValue": "United Kingdom",
                "infoGain": 0.5752762857666068,
                "type": "CATEGORICAL"
            },
            "source_of_storage_efficiency_factor": {
                "impact": 0.07832868998498314,
                "rank": 8,
                "feature": "source_of_storage_efficiency_factor",
                "positiveCategoricalValue": "",
                "negativeCategoricalValue": "Theoretical Volumetric",
                "infoGain": 0.6504881838405955,
                "type": "CATEGORICAL"
            },
            "depth": {
                "impact": 0.05875910470631449,
                "rank": 9,
                "feature": "depth",
                "positiveCategoricalValue": "",
                "negativeCategoricalValue": "0",
                "infoGain": 0.6291484479604019,
                "type": "CATEGORICAL"
            },
            "permeability_md": {
                "impact": 0.05733221468572379,
                "rank": 10,
                "feature": "permeability_md",
                "positiveCategoricalValue": "",
                "negativeCategoricalValue": "0",
                "infoGain": 0.5373941103937661,
                "type": "CATEGORICAL"
            },
            "area": {
                "impact": 0.054831290216194886,
                "rank": 12,
                "feature": "area",
                "positiveCategoricalValue": "North Sea",
                "negativeCategoricalValue": "North Sea",
                "infoGain": 0.6185917460409559,
                "type": "CATEGORICAL"
            },
            "age": {
                "impact": 0.04198897131470307,
                "rank": 14,
                "feature": "age",
                "positiveCategoricalValue": "",
                "negativeCategoricalValue": "Neogene",
                "infoGain": 0.5799615358712582,
                "type": "CATEGORICAL"
            },
            "frac_pressure": {
                "impact": 0.03592349896300585,
                "rank": 15,
                "feature": "frac_pressure",
                "positiveCategoricalValue": "0",
                "negativeCategoricalValue": "0",
                "infoGain": 0.5658593286687061,
                "type": "CATEGORICAL"
            },
            "brine_salinity": {
                "impact": 0.033854823402678105,
                "rank": 16,
                "feature": "brine_salinity",
                "positiveCategoricalValue": "",
                "negativeCategoricalValue": "",
                "infoGain": 0.5476252215481456,
                "type": "CATEGORICAL"
            },
            "basin": {
                "impact": 0.03201858686587537,
                "rank": 17,
                "feature": "basin",
                "positiveCategoricalValue": "",
                "negativeCategoricalValue": "Southern North Sea - Anglo-Dutch",
                "infoGain": 0.5448164797364021,
                "type": "CATEGORICAL"
            }
        },
        "Unspecified": {
            "region": {
                "impact": 0.15444892777087732,
                "rank": 1,
                "feature": "region",
                "positiveCategoricalValue": "Europe",
                "negativeCategoricalValue": "Americas",
                "infoGain": 0.5859116509569054,
                "type": "CATEGORICAL"
            },
            "permeability_md": {
                "impact": 0.12550833817625065,
                "rank": 2,
                "feature": "permeability_md",
                "positiveCategoricalValue": "",
                "negativeCategoricalValue": "0",
                "infoGain": 0.676115688636901,
                "type": "CATEGORICAL"
            },
            "formation": {
                "impact": 0.12540015007703742,
                "rank": 3,
                "feature": "formation",
                "positiveCategoricalValue": "",
                "negativeCategoricalValue": "Undifferentiated",
                "infoGain": 0.6441632517092679,
                "type": "CATEGORICAL"
            },
            "flowtest": {
                "impact": 0.11253932684353372,
                "rank": 5,
                "feature": "flowtest",
                "positiveCategoricalValue": "false",
                "negativeCategoricalValue": "true",
                "infoGain": 0.5730569171314204,
                "type": "CATEGORICAL"
            },
            "brine_salinity": {
                "impact": 0.09432890105644004,
                "rank": 6,
                "feature": "brine_salinity",
                "positiveCategoricalValue": "",
                "negativeCategoricalValue": "0",
                "infoGain": 0.6793723891023038,
                "type": "CATEGORICAL"
            },
            "country": {
                "impact": 0.08031373138638134,
                "rank": 7,
                "feature": "country",
                "positiveCategoricalValue": "Australia",
                "negativeCategoricalValue": "United States of America",
                "infoGain": 0.5539100165639621,
                "type": "CATEGORICAL"
            },
            "source_of_storage_efficiency_factor": {
                "impact": 0.07626148074042785,
                "rank": 8,
                "feature": "source_of_storage_efficiency_factor",
                "positiveCategoricalValue": "Theoretical Volumetric",
                "negativeCategoricalValue": "DOE-NETL Atlas V 2015 - From local knowledge or simulations OR Production method",
                "infoGain": 0.5889455550519226,
                "type": "CATEGORICAL"
            },
            "depth": {
                "impact": 0.07572615230682271,
                "rank": 9,
                "feature": "depth",
                "positiveCategoricalValue": "",
                "negativeCategoricalValue": "0",
                "infoGain": 0.669480390272392,
                "type": "CATEGORICAL"
            },
            "type": {
                "impact": 0.07338799349965398,
                "rank": 10,
                "feature": "type",
                "positiveCategoricalValue": "Saline",
                "negativeCategoricalValue": "Petroleum",
                "infoGain": 0.5152813329838568,
                "type": "CATEGORICAL"
            },
            "area": {
                "impact": 0.05793759071574578,
                "rank": 13,
                "feature": "area",
                "positiveCategoricalValue": "Offshore",
                "negativeCategoricalValue": "North Sea",
                "infoGain": 0.6286406560100057,
                "type": "CATEGORICAL"
            },
            "frac_pressure": {
                "impact": 0.05625935449563844,
                "rank": 14,
                "feature": "frac_pressure",
                "positiveCategoricalValue": "",
                "negativeCategoricalValue": "0",
                "infoGain": 0.609302379327125,
                "type": "CATEGORICAL"
            },
            "pre_injection_pressure": {
                "impact": 0.04880322898632876,
                "rank": 15,
                "feature": "pre_injection_pressure",
                "positiveCategoricalValue": "",
                "negativeCategoricalValue": "0",
                "infoGain": 0.5383568593720431,
                "type": "CATEGORICAL"
            },
            "age": {
                "impact": 0.03666768303415972,
                "rank": 18,
                "feature": "age",
                "positiveCategoricalValue": "",
                "negativeCategoricalValue": "",
                "infoGain": 0.6012368463251128,
                "type": "CATEGORICAL"
            },
            "basin": {
                "impact": 0.03634699568860076,
                "rank": 19,
                "feature": "basin",
                "positiveCategoricalValue": "Northern Apennines",
                "negativeCategoricalValue": "",
                "infoGain": 0.564169208351027,
                "type": "CATEGORICAL"
            }
        },
        "Open, no identified structural/ stratigraphic confinement": {
            "type": {
                "impact": 0.1439419013460161,
                "rank": 1,
                "feature": "type",
                "positiveCategoricalValue": "Saline",
                "negativeCategoricalValue": "Petroleum",
                "infoGain": 0.6534181947937018,
                "type": "CATEGORICAL"
            },
            "formation": {
                "impact": 0.09683113325764932,
                "rank": 3,
                "feature": "formation",
                "positiveCategoricalValue": "J1",
                "negativeCategoricalValue": "Undifferentiated",
                "infoGain": 0.6205964400875601,
                "type": "CATEGORICAL"
            },
            "rocktype": {
                "impact": 0.09333587918344459,
                "rank": 4,
                "feature": "rocktype",
                "positiveCategoricalValue": "Clastic",
                "negativeCategoricalValue": "Carbonate",
                "infoGain": 0.5503221694770859,
                "type": "CATEGORICAL"
            },
            "pre_injection_pressure": {
                "impact": 0.09071124217506946,
                "rank": 5,
                "feature": "pre_injection_pressure",
                "positiveCategoricalValue": "0",
                "negativeCategoricalValue": "",
                "infoGain": 0.5991400256812748,
                "type": "CATEGORICAL"
            },
            "unit_designation": {
                "impact": 0.08894895281870259,
                "rank": 6,
                "feature": "unit_designation",
                "positiveCategoricalValue": "Saline Aquifer",
                "negativeCategoricalValue": "Oil & Gas Fields",
                "infoGain": 0.5477150118192673,
                "type": "CATEGORICAL"
            },
            "frac_pressure": {
                "impact": 0.06413027575868269,
                "rank": 7,
                "feature": "frac_pressure",
                "positiveCategoricalValue": "0",
                "negativeCategoricalValue": "",
                "infoGain": 0.5991400256812748,
                "type": "CATEGORICAL"
            },
            "depth": {
                "impact": 0.05802915870878614,
                "rank": 10,
                "feature": "depth",
                "positiveCategoricalValue": "1100",
                "negativeCategoricalValue": "",
                "infoGain": 0.6845995608730937,
                "type": "CATEGORICAL"
            },
            "source_of_storage_efficiency_factor": {
                "impact": 0.05130896395569721,
                "rank": 11,
                "feature": "source_of_storage_efficiency_factor",
                "positiveCategoricalValue": "Theoretical Volumetric",
                "negativeCategoricalValue": "Theoretical Volumetric",
                "infoGain": 0.5887635166197632,
                "type": "CATEGORICAL"
            },
            "country": {
                "impact": 0.049416135966451315,
                "rank": 12,
                "feature": "country",
                "positiveCategoricalValue": "Norway",
                "negativeCategoricalValue": "United States of America",
                "infoGain": 0.5053929129361028,
                "type": "CATEGORICAL"
            },
            "permeability_md": {
                "impact": 0.03698261586299016,
                "rank": 15,
                "feature": "permeability_md",
                "positiveCategoricalValue": "0",
                "negativeCategoricalValue": "",
                "infoGain": 0.60134444564904,
                "type": "CATEGORICAL"
            },
            "area": {
                "impact": 0.03533122424359549,
                "rank": 16,
                "feature": "area",
                "positiveCategoricalValue": "North Sea",
                "negativeCategoricalValue": "Offshore",
                "infoGain": 0.5846015488997571,
                "type": "CATEGORICAL"
            },
            "age": {
                "impact": 0.035113665354234755,
                "rank": 17,
                "feature": "age",
                "positiveCategoricalValue": "Lower Cretaceous",
                "negativeCategoricalValue": "",
                "infoGain": 0.5419449442543123,
                "type": "CATEGORICAL"
            },
            "basin": {
                "impact": 0.03172432736456497,
                "rank": 19,
                "feature": "basin",
                "positiveCategoricalValue": "Central European",
                "negativeCategoricalValue": "",
                "infoGain": 0.5662087855119781,
                "type": "CATEGORICAL"
            },
            "brine_salinity": {
                "impact": 0.02663938973967933,
                "rank": 20,
                "feature": "brine_salinity",
                "positiveCategoricalValue": "0",
                "negativeCategoricalValue": "",
                "infoGain": 0.5906662052592248,
                "type": "CATEGORICAL"
            }
        },
        "Fully Confined (closed box)": {
            "depth": {
                "impact": 0.14003395154202575,
                "rank": 2,
                "feature": "depth",
                "positiveCategoricalValue": "0",
                "negativeCategoricalValue": "",
                "infoGain": 0.6571577614973405,
                "type": "CATEGORICAL"
            },
            "region": {
                "impact": 0.13568967641372293,
                "rank": 3,
                "feature": "region",
                "positiveCategoricalValue": "Europe",
                "negativeCategoricalValue": "Americas",
                "infoGain": 0.5152647494367524,
                "type": "CATEGORICAL"
            },
            "formation": {
                "impact": 0.107874901397661,
                "rank": 5,
                "feature": "formation",
                "positiveCategoricalValue": "",
                "negativeCategoricalValue": "Undifferentiated",
                "infoGain": 0.6259664800191422,
                "type": "CATEGORICAL"
            },
            "source_of_storage_efficiency_factor": {
                "impact": 0.09469434855930532,
                "rank": 6,
                "feature": "source_of_storage_efficiency_factor",
                "positiveCategoricalValue": "Theoretical Volumetric",
                "negativeCategoricalValue": "",
                "infoGain": 0.5929458475173722,
                "type": "CATEGORICAL"
            },
            "permeability_md": {
                "impact": 0.08579684032182305,
                "rank": 7,
                "feature": "permeability_md",
                "positiveCategoricalValue": "0",
                "negativeCategoricalValue": "",
                "infoGain": 0.678861417184329,
                "type": "CATEGORICAL"
            },
            "pore_compressibility": {
                "impact": 0.06770134983135992,
                "rank": 8,
                "feature": "pore_compressibility",
                "positiveCategoricalValue": "",
                "negativeCategoricalValue": "0",
                "infoGain": 0.533334258798548,
                "type": "CATEGORICAL"
            },
            "frac_pressure": {
                "impact": 0.05242744667631694,
                "rank": 11,
                "feature": "frac_pressure",
                "positiveCategoricalValue": "",
                "negativeCategoricalValue": "0",
                "infoGain": 0.6133506856812163,
                "type": "CATEGORICAL"
            },
            "age": {
                "impact": 0.043266326845690116,
                "rank": 14,
                "feature": "age",
                "positiveCategoricalValue": "",
                "negativeCategoricalValue": "Lower Triassic",
                "infoGain": 0.5170885307038565,
                "type": "CATEGORICAL"
            },
            "brine_salinity": {
                "impact": 0.04256927064753498,
                "rank": 16,
                "feature": "brine_salinity",
                "positiveCategoricalValue": "0",
                "negativeCategoricalValue": "",
                "infoGain": 0.6157967129734077,
                "type": "CATEGORICAL"
            },
            "area": {
                "impact": 0.03930696070423742,
                "rank": 17,
                "feature": "area",
                "positiveCategoricalValue": "North Sea",
                "negativeCategoricalValue": "Offshore",
                "infoGain": 0.6023818474415334,
                "type": "CATEGORICAL"
            }
        },
        "Hybrid ": {
            "pre_injection_pressure": {
                "impact": 0.1394609811040831,
                "rank": 1,
                "feature": "pre_injection_pressure",
                "positiveCategoricalValue": "",
                "negativeCategoricalValue": "0",
                "infoGain": 0.6051093749743717,
                "type": "CATEGORICAL"
            },
            "rocktype": {
                "impact": 0.1317533206095259,
                "rank": 2,
                "feature": "rocktype",
                "positiveCategoricalValue": "Clastic",
                "negativeCategoricalValue": "Carbonate",
                "infoGain": 0.581155106079239,
                "type": "CATEGORICAL"
            },
            "frac_pressure": {
                "impact": 0.11764174575166947,
                "rank": 3,
                "feature": "frac_pressure",
                "positiveCategoricalValue": "",
                "negativeCategoricalValue": "0",
                "infoGain": 0.6217418069760875,
                "type": "CATEGORICAL"
            },
            "formation": {
                "impact": 0.11206461526227614,
                "rank": 4,
                "feature": "formation",
                "positiveCategoricalValue": "Undifferentiated",
                "negativeCategoricalValue": "Unknown",
                "infoGain": 0.669287492996809,
                "type": "CATEGORICAL"
            },
            "age": {
                "impact": 0.09018725257157686,
                "rank": 6,
                "feature": "age",
                "positiveCategoricalValue": "Unknown",
                "negativeCategoricalValue": "",
                "infoGain": 0.5738066340047454,
                "type": "CATEGORICAL"
            },
            "source_of_storage_efficiency_factor": {
                "impact": 0.0657388725553025,
                "rank": 13,
                "feature": "source_of_storage_efficiency_factor",
                "positiveCategoricalValue": "",
                "negativeCategoricalValue": "Theoretical Volumetric",
                "infoGain": 0.591210678108313,
                "type": "CATEGORICAL"
            },
            "depth": {
                "impact": 0.050616190624308305,
                "rank": 16,
                "feature": "depth",
                "positiveCategoricalValue": "",
                "negativeCategoricalValue": "0",
                "infoGain": 0.6108616428884788,
                "type": "CATEGORICAL"
            },
            "brine_salinity": {
                "impact": 0.04496941987728937,
                "rank": 17,
                "feature": "brine_salinity",
                "positiveCategoricalValue": "",
                "negativeCategoricalValue": "0",
                "infoGain": 0.6032190178986312,
                "type": "CATEGORICAL"
            },
            "area": {
                "impact": 0.04266089344693927,
                "rank": 18,
                "feature": "area",
                "positiveCategoricalValue": "Offshore",
                "negativeCategoricalValue": "North Sea",
                "infoGain": 0.5214608079192444,
                "type": "CATEGORICAL"
            },
            "permeability_md": {
                "impact": 0.03969277882783554,
                "rank": 19,
                "feature": "permeability_md",
                "positiveCategoricalValue": "",
                "negativeCategoricalValue": "",
                "infoGain": 0.5219230856811593,
                "type": "CATEGORICAL"
            }
        },
        "structural/Stratigraphic Trap": {
            "formation": {
                "impact": 0.03341243169362341,
                "rank": 4,
                "feature": "formation",
                "positiveCategoricalValue": "Unknown",
                "negativeCategoricalValue": "Undifferentiated",
                "infoGain": 0.5774859311236636,
                "type": "CATEGORICAL"
            },
            "permeability_md": {
                "impact": 0.02554812946611232,
                "rank": 6,
                "feature": "permeability_md",
                "positiveCategoricalValue": "0",
                "negativeCategoricalValue": "",
                "infoGain": 0.5792173205280163,
                "type": "CATEGORICAL"
            },
            "brine_salinity": {
                "impact": 0.023480315947034668,
                "rank": 10,
                "feature": "brine_salinity",
                "positiveCategoricalValue": "0",
                "negativeCategoricalValue": "",
                "infoGain": 0.6273695478502922,
                "type": "CATEGORICAL"
            },
            "depth": {
                "impact": 0.019822984582787903,
                "rank": 11,
                "feature": "depth",
                "positiveCategoricalValue": "",
                "negativeCategoricalValue": "",
                "infoGain": 0.5727686921253925,
                "type": "CATEGORICAL"
            },
            "area": {
                "impact": 0.017492267732575333,
                "rank": 14,
                "feature": "area",
                "positiveCategoricalValue": "North Sea",
                "negativeCategoricalValue": "North Sea",
                "infoGain": 0.6147210452643551,
                "type": "CATEGORICAL"
            },
            "frac_pressure": {
                "impact": 0.010051715014074715,
                "rank": 17,
                "feature": "frac_pressure",
                "positiveCategoricalValue": "0",
                "negativeCategoricalValue": "0",
                "infoGain": 0.5339217165450206,
                "type": "CATEGORICAL"
            }
        },
        "Monoclinal": {
            "rocktype": {
                "impact": 0.07846348582635548,
                "rank": 1,
                "feature": "rocktype",
                "positiveCategoricalValue": "Carbonate",
                "negativeCategoricalValue": "Clastic",
                "infoGain": 0.6017587333128877,
                "type": "CATEGORICAL"
            },
            "permeability_md": {
                "impact": 0.04879938794464755,
                "rank": 2,
                "feature": "permeability_md",
                "positiveCategoricalValue": "0",
                "negativeCategoricalValue": "",
                "infoGain": 0.6606154468360715,
                "type": "CATEGORICAL"
            },
            "brine_salinity": {
                "impact": 0.042403072200506625,
                "rank": 4,
                "feature": "brine_salinity",
                "positiveCategoricalValue": "0",
                "negativeCategoricalValue": "",
                "infoGain": 0.6000695542214297,
                "type": "CATEGORICAL"
            },
            "formation": {
                "impact": 0.0316557481419194,
                "rank": 5,
                "feature": "formation",
                "positiveCategoricalValue": "Unknown",
                "negativeCategoricalValue": "Undifferentiated",
                "infoGain": 0.5413571202242321,
                "type": "CATEGORICAL"
            },
            "source_of_storage_efficiency_factor": {
                "impact": 0.030958752754348146,
                "rank": 6,
                "feature": "source_of_storage_efficiency_factor",
                "positiveCategoricalValue": "Theoretical Volumetric",
                "negativeCategoricalValue": "",
                "infoGain": 0.5700498574754214,
                "type": "CATEGORICAL"
            },
            "depth": {
                "impact": 0.024309780693839118,
                "rank": 9,
                "feature": "depth",
                "positiveCategoricalValue": "",
                "negativeCategoricalValue": "",
                "infoGain": 0.6068657685876818,
                "type": "CATEGORICAL"
            },
            "age": {
                "impact": 0.020427278698784565,
                "rank": 12,
                "feature": "age",
                "positiveCategoricalValue": "",
                "negativeCategoricalValue": "Early Jurassic",
                "infoGain": 0.5110007243195416,
                "type": "CATEGORICAL"
            },
            "area": {
                "impact": 0.02021146143167981,
                "rank": 13,
                "feature": "area",
                "positiveCategoricalValue": "North Sea",
                "negativeCategoricalValue": "North Sea",
                "infoGain": 0.5832966267494439,
                "type": "CATEGORICAL"
            },
            "basin": {
                "impact": 0.016739366959982956,
                "rank": 17,
                "feature": "basin",
                "positiveCategoricalValue": "Central European",
                "negativeCategoricalValue": "",
                "infoGain": 0.5518246315722359,
                "type": "CATEGORICAL"
            }
        },
        "open, no identified structural/ stratigraphic confinement": {}
    }
}