{
    "modelInputNRows": 717,
    "modelInputNCols": 25,
    "modelInputIsSparse": false,
    "modelInputMemory": 143400,
    "rawImportance": {
        "variables": [
            "principal_component:0",
            "principal_component:1",
            "principal_component:2",
            "principal_component:3",
            "principal_component:4",
            "principal_component:5",
            "principal_component:6",
            "principal_component:7",
            "principal_component:8",
            "principal_component:9",
            "principal_component:10",
            "principal_component:11",
            "principal_component:12",
            "principal_component:13",
            "principal_component:14",
            "principal_component:15",
            "principal_component:16",
            "principal_component:17",
            "principal_component:18",
            "principal_component:19",
            "principal_component:20",
            "principal_component:21",
            "principal_component:22",
            "principal_component:23",
            "principal_component:24"
        ],
        "importances": [
            0.029118591041649097,
            0.08198598860312009,
            0.051618939667186794,
            0.0721192801133705,
            0.040212511064632,
            0.04638050601677375,
            0.046585762747406896,
            0.03596388828973727,
            0.017114704681818877,
            0.02939405934221379,
            0.020041417620262156,
            0.028616651643701755,
            0.028392424560222066,
            0.06017784607715555,
            0.06452068813629158,
            0.035280366582863695,
            0.04353238830636919,
            0.017189703450582877,
            0.054525187440497086,
            0.029971356360887054,
            0.044493280195739136,
            0.04308812513409126,
            0.0365221604413483,
            0.024143816226846315,
            0.019010356255232907
        ]
    },
    "probaAware": true
}