{
  "state": "DONE",
  "preSearchDescription": {
    "gridLength": 1,
    "searchStrategy": "GRID",
    "importantParams": [
      {
        "name": "trees",
        "vals": [
          "100"
        ]
      },
      {
        "name": "depth",
        "vals": [
          "8"
        ]
      },
      {
        "name": "min_samples",
        "vals": [
          "1"
        ]
      }
    ]
  },
  "postSearchDescription": {
    "importantParams": [
      {
        "name": "trees",
        "val": "100"
      },
      {
        "name": "depth",
        "val": "8"
      },
      {
        "name": "min_samples",
        "val": "1"
      }
    ]
  },
  "resumed": false,
  "timeOrderingEnabled": false,
  "sampleWeightsEnabled": false,
  "modelId": "m1",
  "progress": {
    "top_level_todo": [],
    "stack": [],
    "top_level_done": [
      {
        "name": "Loading train set",
        "time": 471
      },
      {
        "name": "Loading test set",
        "time": 53
      },
      {
        "name": "Collecting statistics",
        "time": 119
      },
      {
        "name": "Preprocessing train set",
        "time": 1838
      },
      {
        "name": "Preprocessing test set",
        "time": 102
      },
      {
        "name": "Fitting model",
        "time": 502
      },
      {
        "name": "Saving model",
        "time": 675
      },
      {
        "name": "Scoring model",
        "time": 781
      },
      {
        "name": "Preparing explainability",
        "time": 24298
      }
    ]
  },
  "startTime": 1750004296275,
  "endTime": 1750004325128,
  "preprocessingTime": 2596,
  "trainingTime": 26257,
  "hyperparamsSearchTime": 0,
  "pythonVersion": "3.6.8",
  "packagesVersion": {
    "pandas": "1.1.5",
    "scikit-learn": "0.20.4",
    "scipy": "1.2.3",
    "lightgbm": "3.2.1",
    "flask": "1.0.4",
    "itsdangerous": "2.0.1",
    "jinja2": "2.11.3",
    "xgboost": "1.5.2",
    "werkzeug": "2.0.3",
    "statsmodels": "0.12.2",
    "markupsafe": "2.0.1",
    "cloudpickle": "1.5.0"
  }
}