{
  "starred": false,
  "clusterMetas": {},
  "customMeta": {
    "kv": {}
  },
  "tags": [],
  "activeClassifierThreshold": 0.0,
  "description": "",
  "name": "Extra trees (s5) - v1",
  "labels": [
    {
      "key": "trainDataset:dataset-name",
      "value": "ccus_world_data_prepared"
    },
    {
      "key": "testDataset:dataset-name",
      "value": "ccus_world_data_prepared"
    },
    {
      "key": "evaluationDataset:dataset-name",
      "value": "ccus_world_data_prepared"
    },
    {
      "key": "model:algorithm",
      "value": "EXTRA_TREES"
    },
    {
      "key": "model:date",
      "value": "2025-06-15T16:18:45.128+0000"
    },
    {
      "key": "evaluation:date",
      "value": "2025-06-15T16:18:45.128+0000"
    },
    {
      "key": "model:name",
      "value": "Extra trees (s5) - v1"
    }
  ]
}