{
    "per_feature": {
        "Permeabiliy, mD": {
            "stats": {
                "min": 1.0,
                "average": 1311.2116788321168,
                "median": 175.0,
                "max": 41675.0,
                "p99": 9099.999999999965,
                "std": 3868.8534105359363
            },
            "missing_impute_with_value": 1311.2116788321168
        },
        "Total Wells prod.": {
            "stats": {
                "min": 1.0,
                "average": 203.34,
                "median": 42.0,
                "max": 8692.0,
                "p99": 3039.1099999999824,
                "std": 801.8277679964706
            },
            "missing_impute_with_value": 203.34
        },
        "EOR Type": {
            "stats": {}
        },
        "County": {
            "stats": {
                "mostFrequentValue": "Kern",
                "leastFrequentValue": "Vernon"
            },
            "category_possible_values": [
                "Kern",
                "Bowman",
                "Harding",
                "Fresno",
                "Monterey",
                "Anderson",
                "Fallon",
                "Los Angeles",
                "Newcastle",
                "Vernon"
            ],
            "category_possible_counts": [
                18,
                3,
                3,
                2,
                2,
                1,
                1,
                1,
                1,
                1
            ]
        },
        "operator": {
            "stats": {
                "mostFrequentValue": "Chevron",
                "leastFrequentValue": "Tidelands"
            },
            "category_possible_values": [
                "Chevron",
                "Continental Resources",
                "Berry",
                "Occidental",
                "Seneca Resources",
                "Carrizo",
                "Derek Oil & Gas Corp.",
                "ExxonMobil",
                "MegaWest Energy Corp.",
                "Stockdale",
                "Tidelands"
            ],
            "category_possible_counts": [
                9,
                7,
                5,
                3,
                3,
                1,
                1,
                1,
                1,
                1,
                1
            ]
        },
        "Field": {
            "stats": {
                "mostFrequentValue": "Midway\u2013Sunset South",
                "leastFrequentValue": "Wilmington (Parcel A)"
            },
            "category_possible_values": [
                "Midway\u2013Sunset South",
                "Midway",
                "West Coalinga",
                "San Ardo",
                "North Midway\u2013Sunset",
                "Midway\u2013Sunset",
                "Kern Front",
                "Kern River",
                "South Belridge",
                "West Medicine Pole Unit",
                "Camp Hill",
                "West Cedar Hills Unit",
                "West Buffalo",
                "South Medicine Pole Unit",
                "South Buffalo",
                "Cymric",
                "LAK Ranch",
                "Cymric 1Y",
                "North Antelope Hills",
                "Deerfield",
                "Buffalo",
                "Medicine Pole Hills",
                "Lost Hills",
                "Wilmington (Parcel A)"
            ],
            "category_possible_counts": [
                4,
                2,
                2,
                2,
                2,
                2,
                2,
                1,
                1,
                1,
                1,
                1,
                1,
                1,
                1,
                1,
                1,
                1,
                1,
                1,
                1,
                1,
                1,
                1
            ]
        },
        "Start Date": {
            "stats": {
                "mostFrequentValue": "2003",
                "leastFrequentValue": "9/68"
            },
            "category_possible_values": [
                "7/87",
                "2003",
                "1/80",
                "9/01",
                "6/96",
                "6/90",
                "6/02",
                "5/75",
                "5/73",
                "4/04",
                "3/08",
                "2011",
                "2007",
                "2006",
                "2005",
                "2001",
                "2/93",
                "1987",
                "1985",
                "1983",
                "1982",
                "1981",
                "1980",
                "1979",
                "1968",
                "1965",
                "1964",
                "12/87",
                "12/09",
                "11/02",
                "9/68"
            ],
            "category_possible_counts": [
                2,
                2,
                1,
                1,
                1,
                1,
                1,
                1,
                1,
                1,
                1,
                1,
                1,
                1,
                1,
                1,
                1,
                1,
                1,
                1,
                1,
                1,
                1,
                1,
                1,
                1,
                1,
                1,
                1,
                1,
                1
            ]
        },
        "Pay zone": {
            "stats": {
                "mostFrequentValue": "San Andres",
                "leastFrequentValue": "of Rocks"
            },
            "category_possible_values": [
                "San Andres",
                "Red River B",
                "L.L.",
                "Devonian",
                "U.L.H.",
                "Tulare",
                "Antelope",
                "Kuparuk River",
                "Naricual",
                "Eutaw",
                "Diatomite",
                "Schrader Bluff",
                "Red River B & C",
                "Temblor",
                "Tensleep",
                "Etchegoin",
                "Sadlerochit",
                "Bachaquero",
                "Desert Creek",
                "U1,3(YAC.",
                "Morichal",
                "Darwin-Madison",
                "Potter",
                "Canyon Reef",
                "Canyon",
                "Lower Morne",
                "Potter Sand",
                "Yates",
                "S Tar",
                "S5,T (YAC.",
                "Superior",
                "X and Y Series",
                "X Series",
                "Springer",
                "Strawn\nSan Andres",
                "Wash-Fred 8500",
                "Packwood & Point",
                "Woodruff",
                "U2,3(YAC.",
                "Wall Creek 1 (Frontier)",
                "Warner",
                "Post\u2013Eocene",
                "MM\u2013412)",
                "Oficina\u20131",
                "Newcastle",
                "30",
                "80",
                "Abo",
                "Aurignac",
                "Cambrian",
                "Carrizo",
                "Clearfork",
                "Delaware",
                "Delaware, Ramsey",
                "Dolomite",
                "Etchegoin & Chanac",
                "Forest Sands",
                "Frio",
                "Garzan",
                "Grayburg",
                "Jobo Member",
                "Kern River",
                "Lagunillas Inferior",
                "Lombardi",
                "L\u2019Enfer",
                "MFB\u201353)",
                "(S ORS 01)",
                "Main 10\u201310",
                "Marmaton",
                "Morichal\u2013Memb.",
                "of Rocks"
            ],
            "category_possible_counts": [
                18,
                5,
                5,
                4,
                4,
                4,
                3,
                3,
                3,
                3,
                2,
                2,
                2,
                2,
                2,
                2,
                2,
                2,
                2,
                2,
                2,
                2,
                2,
                2,
                2,
                2,
                1,
                1,
                1,
                1,
                1,
                1,
                1,
                1,
                1,
                1,
                1,
                1,
                1,
                1,
                1,
                1,
                1,
                1,
                1,
                1,
                1,
                1,
                1,
                1,
                1,
                1,
                1,
                1,
                1,
                1,
                1,
                1,
                1,
                1,
                1,
                1,
                1,
                1,
                1,
                1,
                1,
                1,
                1,
                1,
                1
            ]
        },
        "Oil Gravity, API": {
            "stats": {
                "min": 0.5,
                "average": 808.5668831168831,
                "median": 35.0,
                "max": 20000.0,
                "p99": 12470.0,
                "std": 2547.824414463312
            },
            "missing_impute_with_value": 808.5668831168831
        },
        "Depth, ft": {
            "stats": {
                "min": 175.0,
                "average": 4486.6942675159235,
                "median": 4800.0,
                "max": 14500.0,
                "p99": 9888.0,
                "std": 2883.2230488670507
            },
            "missing_impute_with_value": 4486.6942675159235
        },
        "col_25": {
            "stats": {}
        },
        "col_23": {
            "stats": {}
        },
        "col_24": {
            "stats": {}
        },
        "EOR_Type_Declutter": {
            "stats": {}
        },
        "col_21": {
            "stats": {}
        },
        "col_22": {
            "stats": {}
        },
        "Temperature, F": {
            "stats": {
                "min": 54.0,
                "average": 133.2675159235669,
                "median": 118.0,
                "max": 300.0,
                "p99": 259.1999999999999,
                "std": 46.87303940044814
            },
            "missing_impute_with_value": 133.2675159235669
        },
        "col_20": {
            "stats": {}
        },
        "Oil Viscosity, cP": {
            "stats": {
                "min": 0.14,
                "average": 4298.178959183673,
                "median": 2.3,
                "max": 500000.0,
                "p99": 25399.99999999992,
                "std": 41304.89542048017
            },
            "missing_impute_with_value": 4298.178959183673
        },
        "Enhanced Prod. b/d": {
            "stats": {
                "min": 0.0,
                "average": 5785.516556291391,
                "median": 1132.0,
                "max": 154000.0,
                "p99": 63500.0,
                "std": 15539.372064041849
            },
            "missing_impute_with_value": 5785.516556291391
        },
        "Total Wells Inj.": {
            "stats": {
                "min": 1.0,
                "average": 96.17213114754098,
                "median": 17.5,
                "max": 4000.0,
                "p99": 1134.3699999999967,
                "std": 387.49186485991
            },
            "missing_impute_with_value": 96.17213114754098
        },
        "Total Prod, b/d": {
            "stats": {
                "min": 0.0,
                "average": 9695.363636363636,
                "median": 1680.0,
                "max": 410000.0,
                "p99": 117959.99999999991,
                "std": 36514.13860837126
            },
            "missing_impute_with_value": 9695.363636363636
        },
        "State": {
            "stats": {
                "mostFrequentValue": "Calif.",
                "leastFrequentValue": "Wyo."
            },
            "category_possible_values": [
                "Calif.",
                "ND",
                "SD",
                "MT",
                "Mo.",
                "Tex.",
                "Wyo."
            ],
            "category_possible_counts": [
                23,
                3,
                3,
                1,
                1,
                1,
                1
            ]
        },
        "Area, acres": {
            "stats": {
                "min": 5.0,
                "average": 5635.168918918919,
                "median": 1260.0,
                "max": 55000.0,
                "p99": 49519.3,
                "std": 10189.604723788583
            },
            "missing_impute_with_value": 5635.168918918919
        },
        "col_19": {
            "stats": {}
        },
        "Porosity": {
            "stats": {
                "min": 0.28,
                "average": 22.91253086419752,
                "median": 22.0,
                "max": 65.0,
                "p99": 60.729999999999905,
                "std": 12.217142894779606
            },
            "missing_impute_with_value": 22.91253086419752
        },
        "Formation": {
            "stats": {
                "mostFrequentValue": "S",
                "leastFrequentValue": "tripol."
            },
            "category_possible_values": [
                "S",
                "Dolo.",
                "Dolo",
                "US",
                "LS",
                "Tripol.",
                "Dolo./LS",
                "Dolo/LS",
                "Carbonate",
                "LS/Dolo",
                "S/LS-Dolo.",
                "SS",
                "tripol."
            ],
            "category_possible_counts": [
                80,
                27,
                14,
                13,
                12,
                6,
                3,
                2,
                1,
                1,
                1,
                1,
                1
            ]
        }
    },
    "feature_order": [
        "Permeabiliy, mD",
        "Total Wells prod.",
        "EOR Type",
        "County",
        "operator",
        "Field",
        "Start Date",
        "Pay zone",
        "Oil Gravity, API",
        "Depth, ft",
        "col_25",
        "col_23",
        "col_24",
        "EOR_Type_Declutter",
        "col_21",
        "col_22",
        "Temperature, F",
        "col_20",
        "Oil Viscosity, cP",
        "Enhanced Prod. b/d",
        "Total Wells Inj.",
        "Total Prod, b/d",
        "State",
        "Area, acres",
        "col_19",
        "Porosity",
        "Formation"
    ]
}