{
  "trainedWithDSSVersion": "13.4.2",
  "backend": "PY_MEMORY",
  "isValid": true,
  "type": "MULTICLASS_PROBABILISTIC",
  "algorithm_name": "FOREST_CLASSIFIER",
  "columns": [
    "Permeabiliy, mD",
    "Total Wells prod.",
    "Oil Gravity, API",
    "Depth, ft",
    "Temperature, F",
    "Oil Viscosity, cP",
    "Enhanced Prod. b/d",
    "Total Wells Inj.",
    "Total Prod, b/d",
    "Area, acres",
    "Porosity",
    "dummy:County:Kern",
    "dummy:County:Bowman",
    "dummy:County:Harding",
    "dummy:County:Fresno",
    "dummy:County:Monterey",
    "dummy:County:Anderson",
    "dummy:County:Fallon",
    "dummy:County:Los Angeles",
    "dummy:County:Newcastle",
    "dummy:County:Vernon",
    "dummy:County:N/A",
    "dummy:County:__Others__",
    "dummy:operator:Chevron",
    "dummy:operator:Continental Resources",
    "dummy:operator:Berry",
    "dummy:operator:Occidental",
    "dummy:operator:Seneca Resources",
    "dummy:operator:Carrizo",
    "dummy:operator:Derek Oil \u0026 Gas Corp.",
    "dummy:operator:ExxonMobil",
    "dummy:operator:MegaWest Energy Corp.",
    "dummy:operator:Stockdale",
    "dummy:operator:Tidelands",
    "dummy:operator:N/A",
    "dummy:operator:__Others__",
    "dummy:Field:Midway–Sunset South",
    "dummy:Field:Midway",
    "dummy:Field:West Coalinga",
    "dummy:Field:San Ardo",
    "dummy:Field:North Midway–Sunset",
    "dummy:Field:Midway–Sunset",
    "dummy:Field:Kern Front",
    "dummy:Field:Kern River",
    "dummy:Field:South Belridge",
    "dummy:Field:West Medicine Pole Unit",
    "dummy:Field:Camp Hill",
    "dummy:Field:West Cedar Hills Unit",
    "dummy:Field:West Buffalo",
    "dummy:Field:South Medicine Pole Unit",
    "dummy:Field:South Buffalo",
    "dummy:Field:Cymric",
    "dummy:Field:LAK Ranch",
    "dummy:Field:Cymric 1Y",
    "dummy:Field:North Antelope Hills",
    "dummy:Field:Deerfield",
    "dummy:Field:Buffalo",
    "dummy:Field:Medicine Pole Hills",
    "dummy:Field:Lost Hills",
    "dummy:Field:Wilmington (Parcel A)",
    "dummy:Field:N/A",
    "dummy:Field:__Others__",
    "dummy:Start Date:7/87",
    "dummy:Start Date:2003",
    "dummy:Start Date:1/80",
    "dummy:Start Date:9/01",
    "dummy:Start Date:6/96",
    "dummy:Start Date:6/90",
    "dummy:Start Date:6/02",
    "dummy:Start Date:5/75",
    "dummy:Start Date:5/73",
    "dummy:Start Date:4/04",
    "dummy:Start Date:3/08",
    "dummy:Start Date:2011",
    "dummy:Start Date:2007",
    "dummy:Start Date:2006",
    "dummy:Start Date:2005",
    "dummy:Start Date:2001",
    "dummy:Start Date:2/93",
    "dummy:Start Date:1987",
    "dummy:Start Date:1985",
    "dummy:Start Date:1983",
    "dummy:Start Date:1982",
    "dummy:Start Date:1981",
    "dummy:Start Date:1980",
    "dummy:Start Date:1979",
    "dummy:Start Date:1968",
    "dummy:Start Date:1965",
    "dummy:Start Date:1964",
    "dummy:Start Date:12/87",
    "dummy:Start Date:12/09",
    "dummy:Start Date:11/02",
    "dummy:Start Date:9/68",
    "dummy:Start Date:N/A",
    "dummy:Start Date:__Others__",
    "dummy:Pay zone:San Andres",
    "dummy:Pay zone:Red River B",
    "dummy:Pay zone:L.L.",
    "dummy:Pay zone:Devonian",
    "dummy:Pay zone:U.L.H.",
    "dummy:Pay zone:Tulare",
    "dummy:Pay zone:Antelope",
    "dummy:Pay zone:Kuparuk River",
    "dummy:Pay zone:Naricual",
    "dummy:Pay zone:Eutaw",
    "dummy:Pay zone:Diatomite",
    "dummy:Pay zone:Schrader Bluff",
    "dummy:Pay zone:Red River B \u0026 C",
    "dummy:Pay zone:Temblor",
    "dummy:Pay zone:Tensleep",
    "dummy:Pay zone:Etchegoin",
    "dummy:Pay zone:Sadlerochit",
    "dummy:Pay zone:Bachaquero",
    "dummy:Pay zone:Desert Creek",
    "dummy:Pay zone:U1,3(YAC.",
    "dummy:Pay zone:Morichal",
    "dummy:Pay zone:Darwin-Madison",
    "dummy:Pay zone:Potter",
    "dummy:Pay zone:Canyon Reef",
    "dummy:Pay zone:Canyon",
    "dummy:Pay zone:Lower Morne",
    "dummy:Pay zone:Potter Sand",
    "dummy:Pay zone:Yates",
    "dummy:Pay zone:S Tar",
    "dummy:Pay zone:S5,T (YAC.",
    "dummy:Pay zone:Superior",
    "dummy:Pay zone:X and Y Series",
    "dummy:Pay zone:X Series",
    "dummy:Pay zone:Springer",
    "dummy:Pay zone:Strawn\nSan Andres",
    "dummy:Pay zone:Wash-Fred 8500",
    "dummy:Pay zone:Packwood \u0026 Point",
    "dummy:Pay zone:Woodruff",
    "dummy:Pay zone:U2,3(YAC.",
    "dummy:Pay zone:Wall Creek 1 (Frontier)",
    "dummy:Pay zone:Warner",
    "dummy:Pay zone:Post–Eocene",
    "dummy:Pay zone:MM–412)",
    "dummy:Pay zone:Oficina–1",
    "dummy:Pay zone:Newcastle",
    "dummy:Pay zone:30",
    "dummy:Pay zone:80",
    "dummy:Pay zone:Abo",
    "dummy:Pay zone:Aurignac",
    "dummy:Pay zone:Cambrian",
    "dummy:Pay zone:Carrizo",
    "dummy:Pay zone:Clearfork",
    "dummy:Pay zone:Delaware",
    "dummy:Pay zone:Delaware, Ramsey",
    "dummy:Pay zone:Dolomite",
    "dummy:Pay zone:Etchegoin \u0026 Chanac",
    "dummy:Pay zone:Forest Sands",
    "dummy:Pay zone:Frio",
    "dummy:Pay zone:Garzan",
    "dummy:Pay zone:Grayburg",
    "dummy:Pay zone:Jobo Member",
    "dummy:Pay zone:Kern River",
    "dummy:Pay zone:Lagunillas Inferior",
    "dummy:Pay zone:Lombardi",
    "dummy:Pay zone:L’Enfer",
    "dummy:Pay zone:MFB–53)",
    "dummy:Pay zone:(S ORS 01)",
    "dummy:Pay zone:Main 10–10",
    "dummy:Pay zone:Marmaton",
    "dummy:Pay zone:Morichal–Memb.",
    "dummy:Pay zone:of Rocks",
    "dummy:Pay zone:N/A",
    "dummy:Pay zone:__Others__",
    "dummy:State:Calif.",
    "dummy:State:ND",
    "dummy:State:SD",
    "dummy:State:MT",
    "dummy:State:Mo.",
    "dummy:State:Tex.",
    "dummy:State:Wyo.",
    "dummy:State:N/A",
    "dummy:State:__Others__",
    "dummy:Formation:S",
    "dummy:Formation:Dolo.",
    "dummy:Formation:Dolo",
    "dummy:Formation:US",
    "dummy:Formation:LS",
    "dummy:Formation:Tripol.",
    "dummy:Formation:Dolo./LS",
    "dummy:Formation:Dolo/LS",
    "dummy:Formation:Carbonate",
    "dummy:Formation:LS/Dolo",
    "dummy:Formation:S/LS-Dolo.",
    "dummy:Formation:SS",
    "dummy:Formation:tripol.",
    "dummy:Formation:N/A",
    "dummy:Formation:__Others__"
  ],
  "classes": [
    "S",
    "CO2 miscible",
    "Hydrocarbon miscible",
    "Comb",
    "CO2 immiscible",
    "HC miscible",
    "Water (S",
    "HW",
    "S–SAGD",
    "Acid Gas Miscible",
    "Combustion",
    "Scavenging)",
    "water",
    "CO2  immiscible",
    "AGA"
  ]
}