{
    "details": {
        "County": {
            "levels": [
                "Kern",
                "Bowman",
                "Harding",
                "Fresno",
                "Monterey",
                "Anderson",
                "Fallon",
                "Los Angeles",
                "Newcastle",
                "Vernon"
            ],
            "with_others": true
        },
        "operator": {
            "levels": [
                "Chevron",
                "Continental Resources",
                "Berry",
                "Occidental",
                "Seneca Resources",
                "Carrizo",
                "Derek Oil & Gas Corp.",
                "ExxonMobil",
                "MegaWest Energy Corp.",
                "Stockdale",
                "Tidelands"
            ],
            "with_others": true
        },
        "Field": {
            "levels": [
                "Midway\u2013Sunset South",
                "Midway",
                "West Coalinga",
                "San Ardo",
                "North Midway\u2013Sunset",
                "Midway\u2013Sunset",
                "Kern Front",
                "Kern River",
                "South Belridge",
                "West Medicine Pole Unit",
                "Camp Hill",
                "West Cedar Hills Unit",
                "West Buffalo",
                "South Medicine Pole Unit",
                "South Buffalo",
                "Cymric",
                "LAK Ranch",
                "Cymric 1Y",
                "North Antelope Hills",
                "Deerfield",
                "Buffalo",
                "Medicine Pole Hills",
                "Lost Hills",
                "Wilmington (Parcel A)"
            ],
            "with_others": true
        },
        "Start Date": {
            "levels": [
                "7/87",
                "2003",
                "1/80",
                "9/01",
                "6/96",
                "6/90",
                "6/02",
                "5/75",
                "5/73",
                "4/04",
                "3/08",
                "2011",
                "2007",
                "2006",
                "2005",
                "2001",
                "2/93",
                "1987",
                "1985",
                "1983",
                "1982",
                "1981",
                "1980",
                "1979",
                "1968",
                "1965",
                "1964",
                "12/87",
                "12/09",
                "11/02",
                "9/68"
            ],
            "with_others": true
        },
        "Pay zone": {
            "levels": [
                "San Andres",
                "Red River B",
                "L.L.",
                "Devonian",
                "U.L.H.",
                "Tulare",
                "Antelope",
                "Kuparuk River",
                "Naricual",
                "Eutaw",
                "Diatomite",
                "Schrader Bluff",
                "Red River B & C",
                "Temblor",
                "Tensleep",
                "Etchegoin",
                "Sadlerochit",
                "Bachaquero",
                "Desert Creek",
                "U1,3(YAC.",
                "Morichal",
                "Darwin-Madison",
                "Potter",
                "Canyon Reef",
                "Canyon",
                "Lower Morne",
                "Potter Sand",
                "Yates",
                "S Tar",
                "S5,T (YAC.",
                "Superior",
                "X and Y Series",
                "X Series",
                "Springer",
                "Strawn\nSan Andres",
                "Wash-Fred 8500",
                "Packwood & Point",
                "Woodruff",
                "U2,3(YAC.",
                "Wall Creek 1 (Frontier)",
                "Warner",
                "Post\u2013Eocene",
                "MM\u2013412)",
                "Oficina\u20131",
                "Newcastle",
                "30",
                "80",
                "Abo",
                "Aurignac",
                "Cambrian",
                "Carrizo",
                "Clearfork",
                "Delaware",
                "Delaware, Ramsey",
                "Dolomite",
                "Etchegoin & Chanac",
                "Forest Sands",
                "Frio",
                "Garzan",
                "Grayburg",
                "Jobo Member",
                "Kern River",
                "Lagunillas Inferior",
                "Lombardi",
                "L\u2019Enfer",
                "MFB\u201353)",
                "(S ORS 01)",
                "Main 10\u201310",
                "Marmaton",
                "Morichal\u2013Memb.",
                "of Rocks"
            ],
            "with_others": true
        },
        "State": {
            "levels": [
                "Calif.",
                "ND",
                "SD",
                "MT",
                "Mo.",
                "Tex.",
                "Wyo."
            ],
            "with_others": true
        },
        "Formation": {
            "levels": [
                "S",
                "Dolo.",
                "Dolo",
                "US",
                "LS",
                "Tripol.",
                "Dolo./LS",
                "Dolo/LS",
                "Carbonate",
                "LS/Dolo",
                "S/LS-Dolo.",
                "SS",
                "tripol."
            ],
            "with_others": true
        }
    }
}