{
    "perClassFacts": {
        "S": {
            "Porosity": {
                "impact": 0.7141954168111628,
                "rank": 1,
                "feature": "Porosity",
                "correlation": 0.8714607918850424,
                "type": "NUMERICAL"
            },
            "Formation": {
                "impact": 0.1255439698698474,
                "rank": 6,
                "feature": "Formation",
                "positiveCategoricalValue": "S",
                "negativeCategoricalValue": "Dolo.",
                "infoGain": 0.6916031758694977,
                "type": "CATEGORICAL"
            },
            "Start Date": {
                "impact": 0.10896465192969162,
                "rank": 7,
                "feature": "Start Date",
                "positiveCategoricalValue": "1970",
                "negativeCategoricalValue": "",
                "infoGain": 0.5908422462755826,
                "type": "CATEGORICAL"
            },
            "State": {
                "impact": 0.09474063816859492,
                "rank": 8,
                "feature": "State",
                "positiveCategoricalValue": "Calif.",
                "negativeCategoricalValue": "",
                "infoGain": 0.5825293783362874,
                "type": "CATEGORICAL"
            },
            "Field": {
                "impact": 0.06451876188147426,
                "rank": 13,
                "feature": "Field",
                "positiveCategoricalValue": "",
                "negativeCategoricalValue": "",
                "infoGain": 0.6006779523218797,
                "type": "CATEGORICAL"
            },
            "County": {
                "impact": 0.06100343446157281,
                "rank": 14,
                "feature": "County",
                "positiveCategoricalValue": "Kern",
                "negativeCategoricalValue": "",
                "infoGain": 0.5913159394545054,
                "type": "CATEGORICAL"
            },
            "Pay zone": {
                "impact": 0.05806099009811652,
                "rank": 16,
                "feature": "Pay zone",
                "positiveCategoricalValue": "San Andres",
                "negativeCategoricalValue": "",
                "infoGain": 0.5378857905049471,
                "type": "CATEGORICAL"
            }
        },
        "CO2 miscible": {
            "Permeabiliy, mD": {
                "impact": 0.6275752527507584,
                "rank": 1,
                "feature": "Permeabiliy, mD",
                "correlation": -0.769140077656233,
                "type": "NUMERICAL"
            },
            "Porosity": {
                "impact": 0.6248044988239827,
                "rank": 2,
                "feature": "Porosity",
                "correlation": -0.770279950879663,
                "type": "NUMERICAL"
            },
            "Formation": {
                "impact": 0.2355436601530728,
                "rank": 6,
                "feature": "Formation",
                "positiveCategoricalValue": "Dolo.",
                "negativeCategoricalValue": "S",
                "infoGain": 0.6791932659915256,
                "type": "CATEGORICAL"
            },
            "Start Date": {
                "impact": 0.12133168486996583,
                "rank": 9,
                "feature": "Start Date",
                "positiveCategoricalValue": "",
                "negativeCategoricalValue": "1970",
                "infoGain": 0.5908422462755826,
                "type": "CATEGORICAL"
            },
            "State": {
                "impact": 0.11006282049178959,
                "rank": 11,
                "feature": "State",
                "positiveCategoricalValue": "",
                "negativeCategoricalValue": "Calif.",
                "infoGain": 0.5908422462755826,
                "type": "CATEGORICAL"
            },
            "County": {
                "impact": 0.10327761726426078,
                "rank": 13,
                "feature": "County",
                "positiveCategoricalValue": "",
                "negativeCategoricalValue": "Kern",
                "infoGain": 0.5908422462755826,
                "type": "CATEGORICAL"
            },
            "Pay zone": {
                "impact": 0.08726573447409221,
                "rank": 15,
                "feature": "Pay zone",
                "positiveCategoricalValue": "San Andres",
                "negativeCategoricalValue": "",
                "infoGain": 0.5020316700013583,
                "type": "CATEGORICAL"
            },
            "Field": {
                "impact": 0.05909867301060085,
                "rank": 17,
                "feature": "Field",
                "positiveCategoricalValue": "",
                "negativeCategoricalValue": "Bellevue",
                "infoGain": 0.5908422462755826,
                "type": "CATEGORICAL"
            }
        },
        "Hydrocarbon miscible": {
            "Depth, ft": {
                "impact": 0.2907980207114813,
                "rank": 4,
                "feature": "Depth, ft",
                "correlation": 0.7939561195935226,
                "type": "NUMERICAL"
            },
            "Oil Viscosity, cP": {
                "impact": 0.1508466923177283,
                "rank": 5,
                "feature": "Oil Viscosity, cP",
                "correlation": -0.7122426271234777,
                "type": "NUMERICAL"
            },
            "Pay zone": {
                "impact": 0.1155774380564706,
                "rank": 6,
                "feature": "Pay zone",
                "positiveCategoricalValue": "",
                "negativeCategoricalValue": "San Andres",
                "infoGain": 0.615498282275913,
                "type": "CATEGORICAL"
            },
            "Formation": {
                "impact": 0.09895082777449402,
                "rank": 8,
                "feature": "Formation",
                "positiveCategoricalValue": "S",
                "negativeCategoricalValue": "Dolo.",
                "infoGain": 0.5769950187912753,
                "type": "CATEGORICAL"
            },
            "State": {
                "impact": 0.07242549337100251,
                "rank": 12,
                "feature": "State",
                "positiveCategoricalValue": "",
                "negativeCategoricalValue": "Calif.",
                "infoGain": 0.5908422462755826,
                "type": "CATEGORICAL"
            },
            "Start Date": {
                "impact": 0.061677725529155104,
                "rank": 13,
                "feature": "Start Date",
                "positiveCategoricalValue": "",
                "negativeCategoricalValue": "1970",
                "infoGain": 0.5908422462755826,
                "type": "CATEGORICAL"
            },
            "County": {
                "impact": 0.053154647476472194,
                "rank": 15,
                "feature": "County",
                "positiveCategoricalValue": "",
                "negativeCategoricalValue": "Kern",
                "infoGain": 0.5908422462755826,
                "type": "CATEGORICAL"
            },
            "Field": {
                "impact": 0.029051390989096457,
                "rank": 18,
                "feature": "Field",
                "positiveCategoricalValue": "",
                "negativeCategoricalValue": "Bellevue",
                "infoGain": 0.5908422462755826,
                "type": "CATEGORICAL"
            }
        },
        "Comb": {
            "Start Date": {
                "impact": 0.24127961255021452,
                "rank": 1,
                "feature": "Start Date",
                "positiveCategoricalValue": "1970",
                "negativeCategoricalValue": "",
                "infoGain": 0.5908422462755826,
                "type": "CATEGORICAL"
            },
            "operator": {
                "impact": 0.24022944032073226,
                "rank": 2,
                "feature": "operator",
                "positiveCategoricalValue": "Berry",
                "negativeCategoricalValue": "",
                "infoGain": 0.5908422462755826,
                "type": "CATEGORICAL"
            },
            "County": {
                "impact": 0.1284011098992512,
                "rank": 3,
                "feature": "County",
                "positiveCategoricalValue": "Kern",
                "negativeCategoricalValue": "",
                "infoGain": 0.5908422462755826,
                "type": "CATEGORICAL"
            },
            "Depth, ft": {
                "impact": 0.09503074767264787,
                "rank": 5,
                "feature": "Depth, ft",
                "correlation": 0.8003204973056952,
                "type": "NUMERICAL"
            },
            "Field": {
                "impact": 0.0710527470463712,
                "rank": 11,
                "feature": "Field",
                "positiveCategoricalValue": "Bellevue",
                "negativeCategoricalValue": "",
                "infoGain": 0.5908422462755826,
                "type": "CATEGORICAL"
            }
        },
        "CO2 immiscible": {
            "Formation": {
                "impact": 0.22350251515880754,
                "rank": 3,
                "feature": "Formation",
                "positiveCategoricalValue": "S",
                "negativeCategoricalValue": "Dolo.",
                "infoGain": 0.6916031758694977,
                "type": "CATEGORICAL"
            },
            "Oil Gravity, API": {
                "impact": 0.21764535431258644,
                "rank": 4,
                "feature": "Oil Gravity, API",
                "correlation": -0.7377976694159769,
                "type": "NUMERICAL"
            },
            "Total Prod, b/d": {
                "impact": 0.10490476236838352,
                "rank": 7,
                "feature": "Total Prod, b/d",
                "correlation": 0.7450240313668599,
                "type": "NUMERICAL"
            },
            "Start Date": {
                "impact": 0.0769614975035906,
                "rank": 12,
                "feature": "Start Date",
                "positiveCategoricalValue": "",
                "negativeCategoricalValue": "1970",
                "infoGain": 0.5908422462755826,
                "type": "CATEGORICAL"
            },
            "State": {
                "impact": 0.06592121955939373,
                "rank": 15,
                "feature": "State",
                "positiveCategoricalValue": "",
                "negativeCategoricalValue": "Calif.",
                "infoGain": 0.5908422462755826,
                "type": "CATEGORICAL"
            },
            "County": {
                "impact": 0.058582442212733836,
                "rank": 17,
                "feature": "County",
                "positiveCategoricalValue": "",
                "negativeCategoricalValue": "Kern",
                "infoGain": 0.5908422462755826,
                "type": "CATEGORICAL"
            },
            "Field": {
                "impact": 0.03723212539660212,
                "rank": 18,
                "feature": "Field",
                "positiveCategoricalValue": "",
                "negativeCategoricalValue": "Bellevue",
                "infoGain": 0.5908422462755826,
                "type": "CATEGORICAL"
            }
        },
        "HC miscible": {},
        "Water (S": {
            "Porosity": {
                "impact": 0.23628192026017636,
                "rank": 2,
                "feature": "Porosity",
                "correlation": 0.7572243584918721,
                "type": "NUMERICAL"
            },
            "Enhanced Prod. b/d": {
                "impact": 0.19497439767962546,
                "rank": 3,
                "feature": "Enhanced Prod. b/d",
                "correlation": -0.7399490399211148,
                "type": "NUMERICAL"
            },
            "Field": {
                "impact": 0.043886893406618166,
                "rank": 12,
                "feature": "Field",
                "positiveCategoricalValue": "",
                "negativeCategoricalValue": "Bellevue",
                "infoGain": 0.5908422462755826,
                "type": "CATEGORICAL"
            },
            "County": {
                "impact": 0.032962962977245616,
                "rank": 13,
                "feature": "County",
                "positiveCategoricalValue": "",
                "negativeCategoricalValue": "Kern",
                "infoGain": 0.5908422462755826,
                "type": "CATEGORICAL"
            },
            "State": {
                "impact": 0.029578745696692332,
                "rank": 14,
                "feature": "State",
                "positiveCategoricalValue": "",
                "negativeCategoricalValue": "Calif.",
                "infoGain": 0.5297061990576545,
                "type": "CATEGORICAL"
            },
            "Formation": {
                "impact": 0.018854966625778003,
                "rank": 15,
                "feature": "Formation",
                "positiveCategoricalValue": "S",
                "negativeCategoricalValue": "Dolo.",
                "infoGain": 0.6916031758694977,
                "type": "CATEGORICAL"
            },
            "Start Date": {
                "impact": 0.008497356015945753,
                "rank": 17,
                "feature": "Start Date",
                "positiveCategoricalValue": "",
                "negativeCategoricalValue": "1964",
                "infoGain": 0.5908422462755826,
                "type": "CATEGORICAL"
            }
        },
        "HW": {
            "State": {
                "impact": 0.30635934545144655,
                "rank": 1,
                "feature": "State",
                "positiveCategoricalValue": "Calif.",
                "negativeCategoricalValue": "",
                "infoGain": 0.5908422462755826,
                "type": "CATEGORICAL"
            },
            "Field": {
                "impact": 0.15217358494898175,
                "rank": 2,
                "feature": "Field",
                "positiveCategoricalValue": "Bellevue",
                "negativeCategoricalValue": "",
                "infoGain": 0.5908422462755826,
                "type": "CATEGORICAL"
            },
            "Start Date": {
                "impact": 0.1289763978489505,
                "rank": 3,
                "feature": "Start Date",
                "positiveCategoricalValue": "1970",
                "negativeCategoricalValue": "",
                "infoGain": 0.5908422462755826,
                "type": "CATEGORICAL"
            },
            "operator": {
                "impact": 0.1288266887095763,
                "rank": 4,
                "feature": "operator",
                "positiveCategoricalValue": "Berry",
                "negativeCategoricalValue": "",
                "infoGain": 0.5623351446188083,
                "type": "CATEGORICAL"
            },
            "County": {
                "impact": 0.11287697241066803,
                "rank": 5,
                "feature": "County",
                "positiveCategoricalValue": "Kern",
                "negativeCategoricalValue": "",
                "infoGain": 0.5908422462755826,
                "type": "CATEGORICAL"
            },
            "Enhanced Prod. b/d": {
                "impact": 0.05715893392384445,
                "rank": 10,
                "feature": "Enhanced Prod. b/d",
                "correlation": -0.7113519755763373,
                "type": "NUMERICAL"
            }
        },
        "S\u2013SAGD": {
            "Start Date": {
                "impact": 0.010673388585918653,
                "rank": 14,
                "feature": "Start Date",
                "positiveCategoricalValue": "",
                "negativeCategoricalValue": "1970",
                "infoGain": 0.5908422462755826,
                "type": "CATEGORICAL"
            },
            "Field": {
                "impact": 0.009196748499000769,
                "rank": 15,
                "feature": "Field",
                "positiveCategoricalValue": "",
                "negativeCategoricalValue": "",
                "infoGain": 0.6215432503202751,
                "type": "CATEGORICAL"
            },
            "operator": {
                "impact": 0.006086637961867661,
                "rank": 16,
                "feature": "operator",
                "positiveCategoricalValue": "",
                "negativeCategoricalValue": "Berry",
                "infoGain": 0.6194360587987158,
                "type": "CATEGORICAL"
            },
            "County": {
                "impact": 0.00167054467397507,
                "rank": 18,
                "feature": "County",
                "positiveCategoricalValue": "",
                "negativeCategoricalValue": "Kern",
                "infoGain": 0.5976012837210375,
                "type": "CATEGORICAL"
            }
        },
        "Acid Gas Miscible": {
            "Porosity": {
                "impact": 0.30632151940697383,
                "rank": 2,
                "feature": "Porosity",
                "correlation": -0.8159745242369311,
                "type": "NUMERICAL"
            },
            "Start Date": {
                "impact": 0.009377537980387736,
                "rank": 14,
                "feature": "Start Date",
                "positiveCategoricalValue": "",
                "negativeCategoricalValue": "1970",
                "infoGain": 0.6302380766292327,
                "type": "CATEGORICAL"
            },
            "State": {
                "impact": 0.007758567835768234,
                "rank": 16,
                "feature": "State",
                "positiveCategoricalValue": "",
                "negativeCategoricalValue": "Calif.",
                "infoGain": 0.5296190415525495,
                "type": "CATEGORICAL"
            },
            "Field": {
                "impact": 0.004109124735323794,
                "rank": 18,
                "feature": "Field",
                "positiveCategoricalValue": "",
                "negativeCategoricalValue": "",
                "infoGain": 0.5921215621557313,
                "type": "CATEGORICAL"
            }
        },
        "Combustion": {
            "Pay zone": {
                "impact": 0.06906849658686413,
                "rank": 5,
                "feature": "Pay zone",
                "positiveCategoricalValue": "",
                "negativeCategoricalValue": "San Andres",
                "infoGain": 0.5623351446188083,
                "type": "CATEGORICAL"
            },
            "County": {
                "impact": 0.007176967291829184,
                "rank": 13,
                "feature": "County",
                "positiveCategoricalValue": "",
                "negativeCategoricalValue": "Kern",
                "infoGain": 0.5966946406761025,
                "type": "CATEGORICAL"
            },
            "operator": {
                "impact": 0.004382132965055739,
                "rank": 14,
                "feature": "operator",
                "positiveCategoricalValue": "",
                "negativeCategoricalValue": "Berry",
                "infoGain": 0.5918107733131601,
                "type": "CATEGORICAL"
            },
            "Field": {
                "impact": 0.001744481899660215,
                "rank": 17,
                "feature": "Field",
                "positiveCategoricalValue": "",
                "negativeCategoricalValue": "",
                "infoGain": 0.573770015929467,
                "type": "CATEGORICAL"
            }
        },
        "Scavenging)": {
            "State": {
                "impact": 0.0620200882028059,
                "rank": 7,
                "feature": "State",
                "positiveCategoricalValue": "",
                "negativeCategoricalValue": "Calif.",
                "infoGain": 0.5908422462755826,
                "type": "CATEGORICAL"
            },
            "Start Date": {
                "impact": 0.044893501890838995,
                "rank": 10,
                "feature": "Start Date",
                "positiveCategoricalValue": "",
                "negativeCategoricalValue": "1970",
                "infoGain": 0.5908422462755826,
                "type": "CATEGORICAL"
            },
            "County": {
                "impact": 0.03134297553316093,
                "rank": 12,
                "feature": "County",
                "positiveCategoricalValue": "",
                "negativeCategoricalValue": "Kern",
                "infoGain": 0.5908422462755826,
                "type": "CATEGORICAL"
            },
            "Field": {
                "impact": 0.023681942716048215,
                "rank": 16,
                "feature": "Field",
                "positiveCategoricalValue": "",
                "negativeCategoricalValue": "Bellevue",
                "infoGain": 0.5908422462755826,
                "type": "CATEGORICAL"
            }
        },
        "Surfactant": {},
        "water": {},
        "CO2  immiscible": {
            "State": {
                "impact": 0.03564900722286474,
                "rank": 9,
                "feature": "State",
                "positiveCategoricalValue": "",
                "negativeCategoricalValue": "Calif.",
                "infoGain": 0.5908422462755826,
                "type": "CATEGORICAL"
            },
            "operator": {
                "impact": 0.027641873833994163,
                "rank": 13,
                "feature": "operator",
                "positiveCategoricalValue": "",
                "negativeCategoricalValue": "Berry",
                "infoGain": 0.5908422462755826,
                "type": "CATEGORICAL"
            },
            "Field": {
                "impact": 0.018983263774862882,
                "rank": 16,
                "feature": "Field",
                "positiveCategoricalValue": "",
                "negativeCategoricalValue": "Bellevue",
                "infoGain": 0.5908422462755826,
                "type": "CATEGORICAL"
            },
            "County": {
                "impact": 0.018395267037184228,
                "rank": 17,
                "feature": "County",
                "positiveCategoricalValue": "",
                "negativeCategoricalValue": "Kern",
                "infoGain": 0.5944502836647281,
                "type": "CATEGORICAL"
            }
        },
        "AGA": {
            "Start Date": {
                "impact": 0.0050047671923856485,
                "rank": 15,
                "feature": "Start Date",
                "positiveCategoricalValue": "",
                "negativeCategoricalValue": "1970",
                "infoGain": 0.5908422462755826,
                "type": "CATEGORICAL"
            },
            "operator": {
                "impact": 0.002499535347727264,
                "rank": 17,
                "feature": "operator",
                "positiveCategoricalValue": "",
                "negativeCategoricalValue": "Berry",
                "infoGain": 0.5365820779802437,
                "type": "CATEGORICAL"
            }
        }
    }
}