[
    {
        "test_score_gib": 0.8788797061524336,
        "train_score": 0.9772223272223274,
        "test_score": 0.8788797061524336,
        "num_samples": 33,
        "fit_time": 1429,
        "score_time": 3222,
        "time": 4651,
        "parameters": {
            "max_depth": 13,
            "max_features": 0.4363178483784972,
            "min_samples_leaf": 9,
            "n_estimators": 119,
            "min_samples_split": 27
        },
        "done_at": 1748792825063,
        "split_id": 0
    },
    {
        "test_score_gib": 0.8468582887700535,
        "train_score": 0.9846850795197903,
        "test_score": 0.8468582887700535,
        "num_samples": 34,
        "fit_time": 1431,
        "score_time": 3375,
        "time": 4806,
        "parameters": {
            "max_depth": 13,
            "max_features": 0.4363178483784972,
            "min_samples_leaf": 9,
            "n_estimators": 119,
            "min_samples_split": 27
        },
        "done_at": 1748792825222,
        "split_id": 1
    },
    {
        "test_score_gib": 0.9007523510971788,
        "train_score": 0.982697944634035,
        "test_score": 0.9007523510971788,
        "num_samples": 29,
        "fit_time": 1350,
        "score_time": 3016,
        "time": 4366,
        "parameters": {
            "max_depth": 13,
            "max_features": 0.4363178483784972,
            "min_samples_leaf": 9,
            "n_estimators": 119,
            "min_samples_split": 27
        },
        "done_at": 1748792824858,
        "split_id": 2
    },
    {
        "test_score_gib": 0.8355844155844157,
        "train_score": 0.9834999689305909,
        "test_score": 0.8355844155844157,
        "num_samples": 30,
        "fit_time": 1208,
        "score_time": 2699,
        "time": 3907,
        "parameters": {
            "max_depth": 13,
            "max_features": 0.4363178483784972,
            "min_samples_leaf": 9,
            "n_estimators": 119,
            "min_samples_split": 27
        },
        "done_at": 1748792824560,
        "split_id": 3
    },
    {
        "test_score_gib": 0.8800127713920818,
        "train_score": 0.9784544333416513,
        "test_score": 0.8800127713920818,
        "num_samples": 29,
        "fit_time": 1959,
        "score_time": 3292,
        "time": 5251,
        "parameters": {
            "max_depth": 13,
            "max_features": 0.4363178483784972,
            "min_samples_leaf": 9,
            "n_estimators": 119,
            "min_samples_split": 27
        },
        "done_at": 1748792829822,
        "split_id": 4
    },
    {
        "test_score_gib": 0.8479721456994184,
        "train_score": 0.9752630252630253,
        "test_score": 0.8479721456994184,
        "num_samples": 33,
        "fit_time": 1768,
        "score_time": 3505,
        "time": 5273,
        "parameters": {
            "max_depth": 15,
            "max_features": 0.37559013232873995,
            "min_samples_leaf": 19,
            "n_estimators": 162,
            "min_samples_split": 57
        },
        "done_at": 1748792830139,
        "split_id": 0
    },
    {
        "test_score_gib": 0.7789939839572193,
        "train_score": 0.956329355812827,
        "test_score": 0.7789939839572193,
        "num_samples": 34,
        "fit_time": 1551,
        "score_time": 3097,
        "time": 4648,
        "parameters": {
            "max_depth": 15,
            "max_features": 0.37559013232873995,
            "min_samples_leaf": 19,
            "n_estimators": 162,
            "min_samples_split": 57
        },
        "done_at": 1748792829715,
        "split_id": 1
    },
    {
        "test_score_gib": 0.8681156391501218,
        "train_score": 0.9697866878318008,
        "test_score": 0.8681156391501218,
        "num_samples": 29,
        "fit_time": 1686,
        "score_time": 3409,
        "time": 5095,
        "parameters": {
            "max_depth": 15,
            "max_features": 0.37559013232873995,
            "min_samples_leaf": 19,
            "n_estimators": 162,
            "min_samples_split": 57
        },
        "done_at": 1748792830326,
        "split_id": 2
    },
    {
        "test_score_gib": 0.8442328042328043,
        "train_score": 0.9659742331034198,
        "test_score": 0.8442328042328043,
        "num_samples": 30,
        "fit_time": 1664,
        "score_time": 2426,
        "time": 4090,
        "parameters": {
            "max_depth": 15,
            "max_features": 0.37559013232873995,
            "min_samples_leaf": 19,
            "n_estimators": 162,
            "min_samples_split": 57
        },
        "done_at": 1748792833810,
        "split_id": 3
    },
    {
        "test_score_gib": 0.8176767676767677,
        "train_score": 0.9720816811982226,
        "test_score": 0.8176767676767677,
        "num_samples": 29,
        "fit_time": 1674,
        "score_time": 3227,
        "time": 4901,
        "parameters": {
            "max_depth": 15,
            "max_features": 0.37559013232873995,
            "min_samples_leaf": 19,
            "n_estimators": 162,
            "min_samples_split": 57
        },
        "done_at": 1748792834746,
        "split_id": 4
    },
    {
        "test_score_gib": 0.875803489439853,
        "train_score": 0.9852536991881254,
        "test_score": 0.875803489439853,
        "num_samples": 33,
        "fit_time": 1533,
        "score_time": 3470,
        "time": 5003,
        "parameters": {
            "max_depth": 10,
            "max_features": 0.45526782093320606,
            "min_samples_leaf": 7,
            "n_estimators": 134,
            "min_samples_split": 21
        },
        "done_at": 1748792835148,
        "split_id": 0
    },
    {
        "test_score_gib": 0.8784425133689839,
        "train_score": 0.99174962031367,
        "test_score": 0.8784425133689839,
        "num_samples": 34,
        "fit_time": 1516,
        "score_time": 3761,
        "time": 5277,
        "parameters": {
            "max_depth": 10,
            "max_features": 0.45526782093320606,
            "min_samples_leaf": 7,
            "n_estimators": 134,
            "min_samples_split": 21
        },
        "done_at": 1748792835610,
        "split_id": 1
    },
    {
        "test_score_gib": 0.9088819226750262,
        "train_score": 0.9851547088389195,
        "test_score": 0.9088819226750262,
        "num_samples": 29,
        "fit_time": 1613,
        "score_time": 3163,
        "time": 4776,
        "parameters": {
            "max_depth": 10,
            "max_features": 0.45526782093320606,
            "min_samples_leaf": 7,
            "n_estimators": 134,
            "min_samples_split": 21
        },
        "done_at": 1748792838597,
        "split_id": 2
    },
    {
        "test_score_gib": 0.8359403559403562,
        "train_score": 0.9852856107210173,
        "test_score": 0.8359403559403562,
        "num_samples": 30,
        "fit_time": 1542,
        "score_time": 2607,
        "time": 4149,
        "parameters": {
            "max_depth": 10,
            "max_features": 0.45526782093320606,
            "min_samples_leaf": 7,
            "n_estimators": 134,
            "min_samples_split": 21
        },
        "done_at": 1748792838901,
        "split_id": 3
    },
    {
        "test_score_gib": 0.8933066295135261,
        "train_score": 0.9813062181483235,
        "test_score": 0.8933066295135261,
        "num_samples": 29,
        "fit_time": 1457,
        "score_time": 3186,
        "time": 4643,
        "parameters": {
            "max_depth": 10,
            "max_features": 0.45526782093320606,
            "min_samples_leaf": 7,
            "n_estimators": 134,
            "min_samples_split": 21
        },
        "done_at": 1748792839795,
        "split_id": 4
    },
    {
        "test_score_gib": 0.8860039791857974,
        "train_score": 0.9982350170874761,
        "test_score": 0.8860039791857974,
        "num_samples": 33,
        "fit_time": 1406,
        "score_time": 3108,
        "time": 4514,
        "parameters": {
            "max_depth": 16,
            "max_features": 0.5396887316142894,
            "min_samples_leaf": 2,
            "n_estimators": 107,
            "min_samples_split": 6
        },
        "done_at": 1748792840131,
        "split_id": 0
    },
    {
        "test_score_gib": 0.8686163101604278,
        "train_score": 0.9989434635612321,
        "test_score": 0.8686163101604278,
        "num_samples": 34,
        "fit_time": 1393,
        "score_time": 3040,
        "time": 4433,
        "parameters": {
            "max_depth": 16,
            "max_features": 0.5396887316142894,
            "min_samples_leaf": 2,
            "n_estimators": 107,
            "min_samples_split": 6
        },
        "done_at": 1748792843040,
        "split_id": 1
    },
    {
        "test_score_gib": 0.9085997910135841,
        "train_score": 0.998618792791725,
        "test_score": 0.9085997910135841,
        "num_samples": 29,
        "fit_time": 1493,
        "score_time": 3100,
        "time": 4593,
        "parameters": {
            "max_depth": 16,
            "max_features": 0.5396887316142894,
            "min_samples_leaf": 2,
            "n_estimators": 107,
            "min_samples_split": 6
        },
        "done_at": 1748792843505,
        "split_id": 2
    },
    {
        "test_score_gib": 0.8553246753246754,
        "train_score": 0.9980208579299489,
        "test_score": 0.8553246753246754,
        "num_samples": 30,
        "fit_time": 1251,
        "score_time": 2871,
        "time": 4122,
        "parameters": {
            "max_depth": 16,
            "max_features": 0.5396887316142894,
            "min_samples_leaf": 2,
            "n_estimators": 107,
            "min_samples_split": 6
        },
        "done_at": 1748792843937,
        "split_id": 3
    },
    {
        "test_score_gib": 0.9083768721699756,
        "train_score": 0.9966132099590747,
        "test_score": 0.9083768721699756,
        "num_samples": 29,
        "fit_time": 1329,
        "score_time": 3734,
        "time": 5063,
        "parameters": {
            "max_depth": 16,
            "max_features": 0.5396887316142894,
            "min_samples_leaf": 2,
            "n_estimators": 107,
            "min_samples_split": 6
        },
        "done_at": 1748792845203,
        "split_id": 4
    },
    {
        "test_score_gib": 0.8824227119681665,
        "train_score": 0.970140603747161,
        "test_score": 0.8824227119681665,
        "num_samples": 33,
        "fit_time": 1374,
        "score_time": 3377,
        "time": 4751,
        "parameters": {
            "max_depth": 19,
            "max_features": 0.15708867592439582,
            "min_samples_leaf": 19,
            "n_estimators": 146,
            "min_samples_split": 57
        },
        "done_at": 1748792847798,
        "split_id": 0
    },
    {
        "test_score_gib": 0.8064505347593584,
        "train_score": 0.9706529923988603,
        "test_score": 0.8064505347593584,
        "num_samples": 34,
        "fit_time": 1402,
        "score_time": 3450,
        "time": 4852,
        "parameters": {
            "max_depth": 19,
            "max_features": 0.15708867592439582,
            "min_samples_leaf": 19,
            "n_estimators": 146,
            "min_samples_split": 57
        },
        "done_at": 1748792848366,
        "split_id": 1
    },
    {
        "test_score_gib": 0.8622222222222221,
        "train_score": 0.969977443191729,
        "test_score": 0.8622222222222221,
        "num_samples": 29,
        "fit_time": 1201,
        "score_time": 3573,
        "time": 4774,
        "parameters": {
            "max_depth": 19,
            "max_features": 0.15708867592439582,
            "min_samples_leaf": 19,
            "n_estimators": 146,
            "min_samples_split": 57
        },
        "done_at": 1748792848732,
        "split_id": 2
    },
    {
        "test_score_gib": 0.8321596921596922,
        "train_score": 0.9666699600240269,
        "test_score": 0.8321596921596922,
        "num_samples": 30,
        "fit_time": 993,
        "score_time": 3132,
        "time": 4125,
        "parameters": {
            "max_depth": 19,
            "max_features": 0.15708867592439582,
            "min_samples_leaf": 19,
            "n_estimators": 146,
            "min_samples_split": 57
        },
        "done_at": 1748792849355,
        "split_id": 3
    },
    {
        "test_score_gib": 0.8118599791013583,
        "train_score": 0.9715676101954298,
        "test_score": 0.8118599791013583,
        "num_samples": 29,
        "fit_time": 1407,
        "score_time": 3084,
        "time": 4491,
        "parameters": {
            "max_depth": 19,
            "max_features": 0.15708867592439582,
            "min_samples_leaf": 19,
            "n_estimators": 146,
            "min_samples_split": 57
        },
        "done_at": 1748792852303,
        "split_id": 4
    },
    {
        "test_score_gib": 0.8706305479032753,
        "train_score": 0.9983998113096473,
        "test_score": 0.8706305479032753,
        "num_samples": 33,
        "fit_time": 1985,
        "score_time": 3128,
        "time": 5113,
        "parameters": {
            "max_depth": 15,
            "max_features": 0.6901291630861847,
            "min_samples_leaf": 2,
            "n_estimators": 140,
            "min_samples_split": 6
        },
        "done_at": 1748792853495,
        "split_id": 0
    },
    {
        "test_score_gib": 0.870755347593583,
        "train_score": 0.998892054418914,
        "test_score": 0.870755347593583,
        "num_samples": 34,
        "fit_time": 1763,
        "score_time": 3293,
        "time": 5056,
        "parameters": {
            "max_depth": 15,
            "max_features": 0.6901291630861847,
            "min_samples_leaf": 2,
            "n_estimators": 140,
            "min_samples_split": 6
        },
        "done_at": 1748792853808,
        "split_id": 1
    },
    {
        "test_score_gib": 0.8952385928247997,
        "train_score": 0.9986286861286862,
        "test_score": 0.8952385928247997,
        "num_samples": 29,
        "fit_time": 1687,
        "score_time": 3285,
        "time": 4972,
        "parameters": {
            "max_depth": 15,
            "max_features": 0.6901291630861847,
            "min_samples_leaf": 2,
            "n_estimators": 140,
            "min_samples_split": 6
        },
        "done_at": 1748792854336,
        "split_id": 2
    },
    {
        "test_score_gib": 0.8439345839345841,
        "train_score": 0.9977783094098882,
        "test_score": 0.8439345839345841,
        "num_samples": 30,
        "fit_time": 2113,
        "score_time": 3080,
        "time": 5193,
        "parameters": {
            "max_depth": 15,
            "max_features": 0.6901291630861847,
            "min_samples_leaf": 2,
            "n_estimators": 140,
            "min_samples_split": 6
        },
        "done_at": 1748792857512,
        "split_id": 3
    },
    {
        "test_score_gib": 0.9049285963079067,
        "train_score": 0.9975153988311884,
        "test_score": 0.9049285963079067,
        "num_samples": 29,
        "fit_time": 2208,
        "score_time": 3313,
        "time": 5521,
        "parameters": {
            "max_depth": 15,
            "max_features": 0.6901291630861847,
            "min_samples_leaf": 2,
            "n_estimators": 140,
            "min_samples_split": 6
        },
        "done_at": 1748792859047,
        "split_id": 4
    },
    {
        "test_score_gib": 0.8587695133149679,
        "train_score": 0.9784910297205379,
        "test_score": 0.8587695133149679,
        "num_samples": 33,
        "fit_time": 1756,
        "score_time": 3482,
        "time": 5238,
        "parameters": {
            "max_depth": 13,
            "max_features": 0.5739371275638874,
            "min_samples_leaf": 18,
            "n_estimators": 191,
            "min_samples_split": 54
        },
        "done_at": 1748792859063,
        "split_id": 0
    },
    {
        "test_score_gib": 0.8027573529411766,
        "train_score": 0.9616863939177989,
        "test_score": 0.8027573529411766,
        "num_samples": 34,
        "fit_time": 1555,
        "score_time": 3752,
        "time": 5307,
        "parameters": {
            "max_depth": 13,
            "max_features": 0.5739371275638874,
            "min_samples_leaf": 18,
            "n_estimators": 191,
            "min_samples_split": 54
        },
        "done_at": 1748792859647,
        "split_id": 1
    },
    {
        "test_score_gib": 0.8773180076628354,
        "train_score": 0.9752772638110984,
        "test_score": 0.8773180076628354,
        "num_samples": 29,
        "fit_time": 1537,
        "score_time": 3314,
        "time": 4851,
        "parameters": {
            "max_depth": 13,
            "max_features": 0.5739371275638874,
            "min_samples_leaf": 18,
            "n_estimators": 191,
            "min_samples_split": 54
        },
        "done_at": 1748792862385,
        "split_id": 2
    },
    {
        "test_score_gib": 0.8512650312650314,
        "train_score": 0.9678118229457943,
        "test_score": 0.8512650312650314,
        "num_samples": 30,
        "fit_time": 1965,
        "score_time": 2584,
        "time": 4549,
        "parameters": {
            "max_depth": 13,
            "max_features": 0.5739371275638874,
            "min_samples_leaf": 18,
            "n_estimators": 191,
            "min_samples_split": 54
        },
        "done_at": 1748792863605,
        "split_id": 3
    },
    {
        "test_score_gib": 0.845321026355509,
        "train_score": 0.9737594450940316,
        "test_score": 0.845321026355509,
        "num_samples": 29,
        "fit_time": 1763,
        "score_time": 3448,
        "time": 5211,
        "parameters": {
            "max_depth": 13,
            "max_features": 0.5739371275638874,
            "min_samples_leaf": 18,
            "n_estimators": 191,
            "min_samples_split": 54
        },
        "done_at": 1748792864412,
        "split_id": 4
    },
    {
        "test_score_gib": 0.8757805325987147,
        "train_score": 0.9947817874047383,
        "test_score": 0.8757805325987147,
        "num_samples": 33,
        "fit_time": 1229,
        "score_time": 3385,
        "time": 4614,
        "parameters": {
            "max_depth": 17,
            "max_features": 0.3496623637425988,
            "min_samples_leaf": 4,
            "n_estimators": 100,
            "min_samples_split": 12
        },
        "done_at": 1748792864268,
        "split_id": 0
    },
    {
        "test_score_gib": 0.8948863636363638,
        "train_score": 0.9969752307045695,
        "test_score": 0.8948863636363638,
        "num_samples": 34,
        "fit_time": 1175,
        "score_time": 3147,
        "time": 4322,
        "parameters": {
            "max_depth": 17,
            "max_features": 0.3496623637425988,
            "min_samples_leaf": 4,
            "n_estimators": 100,
            "min_samples_split": 12
        },
        "done_at": 1748792866713,
        "split_id": 1
    },
    {
        "test_score_gib": 0.9217171717171717,
        "train_score": 0.9962987965807515,
        "test_score": 0.9217171717171717,
        "num_samples": 29,
        "fit_time": 1246,
        "score_time": 3303,
        "time": 4549,
        "parameters": {
            "max_depth": 17,
            "max_features": 0.3496623637425988,
            "min_samples_leaf": 4,
            "n_estimators": 100,
            "min_samples_split": 12
        },
        "done_at": 1748792868165,
        "split_id": 2
    },
    {
        "test_score_gib": 0.8544877344877345,
        "train_score": 0.9947390583897759,
        "test_score": 0.8544877344877345,
        "num_samples": 30,
        "fit_time": 1091,
        "score_time": 2982,
        "time": 4073,
        "parameters": {
            "max_depth": 17,
            "max_features": 0.3496623637425988,
            "min_samples_leaf": 4,
            "n_estimators": 100,
            "min_samples_split": 12
        },
        "done_at": 1748792868350,
        "split_id": 3
    },
    {
        "test_score_gib": 0.8989724834552422,
        "train_score": 0.9930276664299221,
        "test_score": 0.8989724834552422,
        "num_samples": 29,
        "fit_time": 1079,
        "score_time": 3381,
        "time": 4460,
        "parameters": {
            "max_depth": 17,
            "max_features": 0.3496623637425988,
            "min_samples_leaf": 4,
            "n_estimators": 100,
            "min_samples_split": 12
        },
        "done_at": 1748792868882,
        "split_id": 4
    },
    {
        "test_score_gib": 0.8876186103458832,
        "train_score": 0.9830368586516128,
        "test_score": 0.8876186103458832,
        "num_samples": 33,
        "fit_time": 1963,
        "score_time": 3614,
        "time": 5577,
        "parameters": {
            "max_depth": 14,
            "max_features": 0.32197125936064896,
            "min_samples_leaf": 8,
            "n_estimators": 171,
            "min_samples_split": 24
        },
        "done_at": 1748792872310,
        "split_id": 0
    },
    {
        "test_score_gib": 0.8742981283422461,
        "train_score": 0.9871846435896022,
        "test_score": 0.8742981283422461,
        "num_samples": 34,
        "fit_time": 1833,
        "score_time": 3583,
        "time": 5416,
        "parameters": {
            "max_depth": 14,
            "max_features": 0.32197125936064896,
            "min_samples_leaf": 8,
            "n_estimators": 171,
            "min_samples_split": 24
        },
        "done_at": 1748792873586,
        "split_id": 1
    },
    {
        "test_score_gib": 0.9127063740856842,
        "train_score": 0.986934361934362,
        "test_score": 0.9127063740856842,
        "num_samples": 29,
        "fit_time": 1841,
        "score_time": 3380,
        "time": 5221,
        "parameters": {
            "max_depth": 14,
            "max_features": 0.32197125936064896,
            "min_samples_leaf": 8,
            "n_estimators": 171,
            "min_samples_split": 24
        },
        "done_at": 1748792873589,
        "split_id": 2
    },
    {
        "test_score_gib": 0.8251467051467052,
        "train_score": 0.984960541850494,
        "test_score": 0.8251467051467052,
        "num_samples": 30,
        "fit_time": 1817,
        "score_time": 2942,
        "time": 4759,
        "parameters": {
            "max_depth": 14,
            "max_features": 0.32197125936064896,
            "min_samples_leaf": 8,
            "n_estimators": 171,
            "min_samples_split": 24
        },
        "done_at": 1748792873650,
        "split_id": 3
    },
    {
        "test_score_gib": 0.8978462788807616,
        "train_score": 0.9847501078704087,
        "test_score": 0.8978462788807616,
        "num_samples": 29,
        "fit_time": 1988,
        "score_time": 3143,
        "time": 5131,
        "parameters": {
            "max_depth": 14,
            "max_features": 0.32197125936064896,
            "min_samples_leaf": 8,
            "n_estimators": 171,
            "min_samples_split": 24
        },
        "done_at": 1748792877468,
        "split_id": 4
    },
    {
        "test_score_gib": 0.8970309152127334,
        "train_score": 0.9979125936093148,
        "test_score": 0.8970309152127334,
        "num_samples": 33,
        "fit_time": 1866,
        "score_time": 3137,
        "time": 5003,
        "parameters": {
            "max_depth": 15,
            "max_features": 0.34301252886495703,
            "min_samples_leaf": 2,
            "n_estimators": 156,
            "min_samples_split": 6
        },
        "done_at": 1748792878595,
        "split_id": 0
    },
    {
        "test_score_gib": 0.8778409090909091,
        "train_score": 0.999974295428841,
        "test_score": 0.8778409090909091,
        "num_samples": 34,
        "fit_time": 1884,
        "score_time": 3747,
        "time": 5631,
        "parameters": {
            "max_depth": 15,
            "max_features": 0.34301252886495703,
            "min_samples_leaf": 2,
            "n_estimators": 156,
            "min_samples_split": 6
        },
        "done_at": 1748792879228,
        "split_id": 1
    },
    {
        "test_score_gib": 0.9128143504005571,
        "train_score": 0.9982499921409697,
        "test_score": 0.9128143504005571,
        "num_samples": 29,
        "fit_time": 1890,
        "score_time": 3414,
        "time": 5304,
        "parameters": {
            "max_depth": 15,
            "max_features": 0.34301252886495703,
            "min_samples_leaf": 2,
            "n_estimators": 156,
            "min_samples_split": 6
        },
        "done_at": 1748792878991,
        "split_id": 2
    },
    {
        "test_score_gib": 0.8519384319384322,
        "train_score": 0.9978550508502659,
        "test_score": 0.8519384319384322,
        "num_samples": 30,
        "fit_time": 2177,
        "score_time": 3054,
        "time": 5231,
        "parameters": {
            "max_depth": 15,
            "max_features": 0.34301252886495703,
            "min_samples_leaf": 2,
            "n_estimators": 156,
            "min_samples_split": 6
        },
        "done_at": 1748792882711,
        "split_id": 3
    },
    {
        "test_score_gib": 0.9178973644490888,
        "train_score": 0.9987856233156985,
        "test_score": 0.9178973644490888,
        "num_samples": 29,
        "fit_time": 2235,
        "score_time": 3762,
        "time": 5997,
        "parameters": {
            "max_depth": 15,
            "max_features": 0.34301252886495703,
            "min_samples_leaf": 2,
            "n_estimators": 156,
            "min_samples_split": 6
        },
        "done_at": 1748792884598,
        "split_id": 4
    },
    {
        "test_score_gib": 0.8648071625344355,
        "train_score": 0.9748183067855201,
        "test_score": 0.8648071625344355,
        "num_samples": 33,
        "fit_time": 1699,
        "score_time": 3374,
        "time": 5073,
        "parameters": {
            "max_depth": 12,
            "max_features": 0.34788478085479535,
            "min_samples_leaf": 19,
            "n_estimators": 197,
            "min_samples_split": 57
        },
        "done_at": 1748792884079,
        "split_id": 0
    },
    {
        "test_score_gib": 0.7876002673796793,
        "train_score": 0.9617626716283741,
        "test_score": 0.7876002673796793,
        "num_samples": 34,
        "fit_time": 1530,
        "score_time": 3518,
        "time": 5048,
        "parameters": {
            "max_depth": 12,
            "max_features": 0.34788478085479535,
            "min_samples_leaf": 19,
            "n_estimators": 197,
            "min_samples_split": 57
        },
        "done_at": 1748792884280,
        "split_id": 1
    },
    {
        "test_score_gib": 0.8708742598397771,
        "train_score": 0.9714391359128202,
        "test_score": 0.8708742598397771,
        "num_samples": 29,
        "fit_time": 2018,
        "score_time": 3130,
        "time": 5148,
        "parameters": {
            "max_depth": 12,
            "max_features": 0.34788478085479535,
            "min_samples_leaf": 19,
            "n_estimators": 197,
            "min_samples_split": 57
        },
        "done_at": 1748792887868,
        "split_id": 2
    },
    {
        "test_score_gib": 0.8511111111111113,
        "train_score": 0.9652575446881667,
        "test_score": 0.8511111111111113,
        "num_samples": 30,
        "fit_time": 2059,
        "score_time": 2794,
        "time": 4853,
        "parameters": {
            "max_depth": 12,
            "max_features": 0.34788478085479535,
            "min_samples_leaf": 19,
            "n_estimators": 197,
            "min_samples_split": 57
        },
        "done_at": 1748792888944,
        "split_id": 3
    },
    {
        "test_score_gib": 0.7721293393707187,
        "train_score": 0.9706606746080431,
        "test_score": 0.7721293393707187,
        "num_samples": 29,
        "fit_time": 1984,
        "score_time": 3679,
        "time": 5663,
        "parameters": {
            "max_depth": 12,
            "max_features": 0.34788478085479535,
            "min_samples_leaf": 19,
            "n_estimators": 197,
            "min_samples_split": 57
        },
        "done_at": 1748792889956,
        "split_id": 4
    },
    {
        "test_score_gib": 0.8453474135292319,
        "train_score": 0.9735662709023364,
        "test_score": 0.8453474135292319,
        "num_samples": 33,
        "fit_time": 1119,
        "score_time": 3562,
        "time": 4681,
        "parameters": {
            "max_depth": 20,
            "max_features": 0.6570442788259865,
            "min_samples_leaf": 19,
            "n_estimators": 106,
            "min_samples_split": 57
        },
        "done_at": 1748792889292,
        "split_id": 0
    },
    {
        "test_score_gib": 0.7899064171122994,
        "train_score": 0.9565564444180148,
        "test_score": 0.7899064171122994,
        "num_samples": 34,
        "fit_time": 874,
        "score_time": 3409,
        "time": 4283,
        "parameters": {
            "max_depth": 20,
            "max_features": 0.6570442788259865,
            "min_samples_leaf": 19,
            "n_estimators": 106,
            "min_samples_split": 57
        },
        "done_at": 1748792892156,
        "split_id": 1
    },
    {
        "test_score_gib": 0.8450957854406131,
        "train_score": 0.9653542816136801,
        "test_score": 0.8450957854406131,
        "num_samples": 29,
        "fit_time": 1107,
        "score_time": 3069,
        "time": 4176,
        "parameters": {
            "max_depth": 20,
            "max_features": 0.6570442788259865,
            "min_samples_leaf": 19,
            "n_estimators": 106,
            "min_samples_split": 57
        },
        "done_at": 1748792893143,
        "split_id": 2
    },
    {
        "test_score_gib": 0.852958152958153,
        "train_score": 0.9653201806168312,
        "test_score": 0.852958152958153,
        "num_samples": 30,
        "fit_time": 1024,
        "score_time": 2642,
        "time": 3666,
        "parameters": {
            "max_depth": 20,
            "max_features": 0.6570442788259865,
            "min_samples_leaf": 19,
            "n_estimators": 106,
            "min_samples_split": 57
        },
        "done_at": 1748792892972,
        "split_id": 3
    },
    {
        "test_score_gib": 0.8130674561709045,
        "train_score": 0.9677578756526125,
        "test_score": 0.8130674561709045,
        "num_samples": 29,
        "fit_time": 988,
        "score_time": 3485,
        "time": 4473,
        "parameters": {
            "max_depth": 20,
            "max_features": 0.6570442788259865,
            "min_samples_leaf": 19,
            "n_estimators": 106,
            "min_samples_split": 57
        },
        "done_at": 1748792894442,
        "split_id": 4
    },
    {
        "test_score_gib": 0.8668656259565354,
        "train_score": 0.9770696424384949,
        "test_score": 0.8668656259565354,
        "num_samples": 33,
        "fit_time": 1733,
        "score_time": 3316,
        "time": 5049,
        "parameters": {
            "max_depth": 9,
            "max_features": 0.6744155342027564,
            "min_samples_leaf": 11,
            "n_estimators": 148,
            "min_samples_split": 33
        },
        "done_at": 1748792897226,
        "split_id": 0
    },
    {
        "test_score_gib": 0.8358121657754012,
        "train_score": 0.9807651445048139,
        "test_score": 0.8358121657754012,
        "num_samples": 34,
        "fit_time": 1639,
        "score_time": 3459,
        "time": 5098,
        "parameters": {
            "max_depth": 9,
            "max_features": 0.6744155342027564,
            "min_samples_leaf": 11,
            "n_estimators": 148,
            "min_samples_split": 33
        },
        "done_at": 1748792898084,
        "split_id": 1
    },
    {
        "test_score_gib": 0.8916788575409265,
        "train_score": 0.9778864966834893,
        "test_score": 0.8916788575409265,
        "num_samples": 29,
        "fit_time": 1682,
        "score_time": 3109,
        "time": 4791,
        "parameters": {
            "max_depth": 9,
            "max_features": 0.6744155342027564,
            "min_samples_leaf": 11,
            "n_estimators": 148,
            "min_samples_split": 33
        },
        "done_at": 1748792897954,
        "split_id": 2
    },
    {
        "test_score_gib": 0.8294564694564694,
        "train_score": 0.9741532343254832,
        "test_score": 0.8294564694564694,
        "num_samples": 30,
        "fit_time": 1530,
        "score_time": 2931,
        "time": 4461,
        "parameters": {
            "max_depth": 9,
            "max_features": 0.6744155342027564,
            "min_samples_leaf": 11,
            "n_estimators": 148,
            "min_samples_split": 33
        },
        "done_at": 1748792898929,
        "split_id": 3
    },
    {
        "test_score_gib": 0.8375188668292118,
        "train_score": 0.9769050220178042,
        "test_score": 0.8375188668292118,
        "num_samples": 29,
        "fit_time": 1618,
        "score_time": 3257,
        "time": 4875,
        "parameters": {
            "max_depth": 9,
            "max_features": 0.6744155342027564,
            "min_samples_leaf": 11,
            "n_estimators": 148,
            "min_samples_split": 33
        },
        "done_at": 1748792902110,
        "split_id": 4
    },
    {
        "test_score_gib": 0.8672329354147537,
        "train_score": 0.9892599738911215,
        "test_score": 0.8672329354147537,
        "num_samples": 33,
        "fit_time": 921,
        "score_time": 3234,
        "time": 4155,
        "parameters": {
            "max_depth": 17,
            "max_features": 0.5153530858925176,
            "min_samples_leaf": 7,
            "n_estimators": 83,
            "min_samples_split": 21
        },
        "done_at": 1748792902122,
        "split_id": 0
    },
    {
        "test_score_gib": 0.8642546791443849,
        "train_score": 0.9921087026975458,
        "test_score": 0.8642546791443849,
        "num_samples": 34,
        "fit_time": 943,
        "score_time": 3102,
        "time": 4045,
        "parameters": {
            "max_depth": 17,
            "max_features": 0.5153530858925176,
            "min_samples_leaf": 7,
            "n_estimators": 83,
            "min_samples_split": 21
        },
        "done_at": 1748792902142,
        "split_id": 1
    },
    {
        "test_score_gib": 0.923295019157088,
        "train_score": 0.9884946055058836,
        "test_score": 0.923295019157088,
        "num_samples": 29,
        "fit_time": 949,
        "score_time": 3253,
        "time": 4202,
        "parameters": {
            "max_depth": 17,
            "max_features": 0.5153530858925176,
            "min_samples_leaf": 7,
            "n_estimators": 83,
            "min_samples_split": 21
        },
        "done_at": 1748792903135,
        "split_id": 2
    },
    {
        "test_score_gib": 0.8163636363636366,
        "train_score": 0.9869955260050952,
        "test_score": 0.8163636363636366,
        "num_samples": 30,
        "fit_time": 1156,
        "score_time": 2767,
        "time": 3923,
        "parameters": {
            "max_depth": 17,
            "max_features": 0.5153530858925176,
            "min_samples_leaf": 7,
            "n_estimators": 83,
            "min_samples_split": 21
        },
        "done_at": 1748792906047,
        "split_id": 3
    },
    {
        "test_score_gib": 0.8879310344827588,
        "train_score": 0.9826223970960813,
        "test_score": 0.8879310344827588,
        "num_samples": 29,
        "fit_time": 1198,
        "score_time": 3156,
        "time": 4354,
        "parameters": {
            "max_depth": 17,
            "max_features": 0.5153530858925176,
            "min_samples_leaf": 7,
            "n_estimators": 83,
            "min_samples_split": 21
        },
        "done_at": 1748792906558,
        "split_id": 4
    },
    {
        "test_score_gib": 0.8671028466483013,
        "train_score": 0.9796338224616914,
        "test_score": 0.8671028466483013,
        "num_samples": 33,
        "fit_time": 1469,
        "score_time": 3503,
        "time": 4972,
        "parameters": {
            "max_depth": 14,
            "max_features": 0.5390140412005745,
            "min_samples_leaf": 16,
            "n_estimators": 151,
            "min_samples_split": 48
        },
        "done_at": 1748792907246,
        "split_id": 0
    },
    {
        "test_score_gib": 0.8209224598930482,
        "train_score": 0.9748616586426504,
        "test_score": 0.8209224598930482,
        "num_samples": 34,
        "fit_time": 1341,
        "score_time": 3517,
        "time": 4858,
        "parameters": {
            "max_depth": 14,
            "max_features": 0.5390140412005745,
            "min_samples_leaf": 16,
            "n_estimators": 151,
            "min_samples_split": 48
        },
        "done_at": 1748792907998,
        "split_id": 1
    },
    {
        "test_score_gib": 0.8800383141762452,
        "train_score": 0.9761235005595909,
        "test_score": 0.8800383141762452,
        "num_samples": 29,
        "fit_time": 1543,
        "score_time": 3667,
        "time": 5210,
        "parameters": {
            "max_depth": 14,
            "max_features": 0.5390140412005745,
            "min_samples_leaf": 16,
            "n_estimators": 151,
            "min_samples_split": 48
        },
        "done_at": 1748792911274,
        "split_id": 2
    },
    {
        "test_score_gib": 0.8533814333814336,
        "train_score": 0.9712449719339671,
        "test_score": 0.8533814333814336,
        "num_samples": 30,
        "fit_time": 1426,
        "score_time": 3279,
        "time": 4705,
        "parameters": {
            "max_depth": 14,
            "max_features": 0.5390140412005745,
            "min_samples_leaf": 16,
            "n_estimators": 151,
            "min_samples_split": 48
        },
        "done_at": 1748792911271,
        "split_id": 3
    },
    {
        "test_score_gib": 0.8153082549634274,
        "train_score": 0.9763546464674285,
        "test_score": 0.8153082549634274,
        "num_samples": 29,
        "fit_time": 1399,
        "score_time": 3511,
        "time": 4910,
        "parameters": {
            "max_depth": 14,
            "max_features": 0.5390140412005745,
            "min_samples_leaf": 16,
            "n_estimators": 151,
            "min_samples_split": 48
        },
        "done_at": 1748792912164,
        "split_id": 4
    },
    {
        "test_score_gib": 0.8749464340373434,
        "train_score": 0.978991570385013,
        "test_score": 0.8749464340373434,
        "num_samples": 33,
        "fit_time": 1668,
        "score_time": 3358,
        "time": 5026,
        "parameters": {
            "max_depth": 10,
            "max_features": 0.3746275505124097,
            "min_samples_leaf": 10,
            "n_estimators": 193,
            "min_samples_split": 30
        },
        "done_at": 1748792913032,
        "split_id": 0
    },
    {
        "test_score_gib": 0.8473930481283424,
        "train_score": 0.9832497552022347,
        "test_score": 0.8473930481283424,
        "num_samples": 34,
        "fit_time": 2191,
        "score_time": 3006,
        "time": 5197,
        "parameters": {
            "max_depth": 10,
            "max_features": 0.3746275505124097,
            "min_samples_leaf": 10,
            "n_estimators": 193,
            "min_samples_split": 30
        },
        "done_at": 1748792916473,
        "split_id": 1
    },
    {
        "test_score_gib": 0.9096168582375479,
        "train_score": 0.9827853850410242,
        "test_score": 0.9096168582375479,
        "num_samples": 29,
        "fit_time": 2243,
        "score_time": 2799,
        "time": 5042,
        "parameters": {
            "max_depth": 10,
            "max_features": 0.3746275505124097,
            "min_samples_leaf": 10,
            "n_estimators": 193,
            "min_samples_split": 30
        },
        "done_at": 1748792916323,
        "split_id": 2
    },
    {
        "test_score_gib": 0.8567195767195769,
        "train_score": 0.9789899749373434,
        "test_score": 0.8567195767195769,
        "num_samples": 30,
        "fit_time": 1964,
        "score_time": 2569,
        "time": 4533,
        "parameters": {
            "max_depth": 10,
            "max_features": 0.3746275505124097,
            "min_samples_leaf": 10,
            "n_estimators": 193,
            "min_samples_split": 30
        },
        "done_at": 1748792916714,
        "split_id": 3
    },
    {
        "test_score_gib": 0.8588470916057123,
        "train_score": 0.980062526585083,
        "test_score": 0.8588470916057123,
        "num_samples": 29,
        "fit_time": 1842,
        "score_time": 3531,
        "time": 5373,
        "parameters": {
            "max_depth": 10,
            "max_features": 0.3746275505124097,
            "min_samples_leaf": 10,
            "n_estimators": 193,
            "min_samples_split": 30
        },
        "done_at": 1748792918413,
        "split_id": 4
    },
    {
        "test_score_gib": 0.8473217018671568,
        "train_score": 0.9819265083609346,
        "test_score": 0.8473217018671568,
        "num_samples": 33,
        "fit_time": 1327,
        "score_time": 2762,
        "time": 4089,
        "parameters": {
            "max_depth": 18,
            "max_features": 0.583659121407126,
            "min_samples_leaf": 13,
            "n_estimators": 128,
            "min_samples_split": 39
        },
        "done_at": 1748792920424,
        "split_id": 0
    },
    {
        "test_score_gib": 0.8454545454545456,
        "train_score": 0.9857614060609929,
        "test_score": 0.8454545454545456,
        "num_samples": 34,
        "fit_time": 1282,
        "score_time": 3308,
        "time": 4590,
        "parameters": {
            "max_depth": 18,
            "max_features": 0.583659121407126,
            "min_samples_leaf": 13,
            "n_estimators": 128,
            "min_samples_split": 39
        },
        "done_at": 1748792921093,
        "split_id": 1
    },
    {
        "test_score_gib": 0.8997701149425288,
        "train_score": 0.979790590222921,
        "test_score": 0.8997701149425288,
        "num_samples": 29,
        "fit_time": 1189,
        "score_time": 2764,
        "time": 3953,
        "parameters": {
            "max_depth": 18,
            "max_features": 0.583659121407126,
            "min_samples_leaf": 13,
            "n_estimators": 128,
            "min_samples_split": 39
        },
        "done_at": 1748792920671,
        "split_id": 2
    },
    {
        "test_score_gib": 0.8461375661375663,
        "train_score": 0.9761468340272167,
        "test_score": 0.8461375661375663,
        "num_samples": 30,
        "fit_time": 1070,
        "score_time": 2750,
        "time": 3820,
        "parameters": {
            "max_depth": 18,
            "max_features": 0.583659121407126,
            "min_samples_leaf": 13,
            "n_estimators": 128,
            "min_samples_split": 39
        },
        "done_at": 1748792922249,
        "split_id": 3
    },
    {
        "test_score_gib": 0.8745210727969349,
        "train_score": 0.9800087652531263,
        "test_score": 0.8745210727969349,
        "num_samples": 29,
        "fit_time": 1242,
        "score_time": 2971,
        "time": 4213,
        "parameters": {
            "max_depth": 18,
            "max_features": 0.583659121407126,
            "min_samples_leaf": 13,
            "n_estimators": 128,
            "min_samples_split": 39
        },
        "done_at": 1748792924643,
        "split_id": 4
    },
    {
        "test_score_gib": 0.8728344046525865,
        "train_score": 0.9686254264123119,
        "test_score": 0.8728344046525865,
        "num_samples": 33,
        "fit_time": 945,
        "score_time": 2856,
        "time": 3801,
        "parameters": {
            "max_depth": 19,
            "max_features": 0.13520759534806753,
            "min_samples_leaf": 19,
            "n_estimators": 113,
            "min_samples_split": 57
        },
        "done_at": 1748792924493,
        "split_id": 0
    },
    {
        "test_score_gib": 0.7951370320855614,
        "train_score": 0.970264355801546,
        "test_score": 0.7951370320855614,
        "num_samples": 34,
        "fit_time": 738,
        "score_time": 2802,
        "time": 3540,
        "parameters": {
            "max_depth": 19,
            "max_features": 0.13520759534806753,
            "min_samples_leaf": 19,
            "n_estimators": 113,
            "min_samples_split": 57
        },
        "done_at": 1748792924640,
        "split_id": 1
    },
    {
        "test_score_gib": 0.8819157088122604,
        "train_score": 0.9726442104261654,
        "test_score": 0.8819157088122604,
        "num_samples": 29,
        "fit_time": 852,
        "score_time": 2905,
        "time": 3757,
        "parameters": {
            "max_depth": 19,
            "max_features": 0.13520759534806753,
            "min_samples_leaf": 19,
            "n_estimators": 113,
            "min_samples_split": 57
        },
        "done_at": 1748792926014,
        "split_id": 2
    },
    {
        "test_score_gib": 0.8392592592592593,
        "train_score": 0.9643055987075128,
        "test_score": 0.8392592592592593,
        "num_samples": 30,
        "fit_time": 959,
        "score_time": 2607,
        "time": 3566,
        "parameters": {
            "max_depth": 19,
            "max_features": 0.13520759534806753,
            "min_samples_leaf": 19,
            "n_estimators": 113,
            "min_samples_split": 57
        },
        "done_at": 1748792928066,
        "split_id": 3
    },
    {
        "test_score_gib": 0.7742888656681759,
        "train_score": 0.971774935590725,
        "test_score": 0.7742888656681759,
        "num_samples": 29,
        "fit_time": 1003,
        "score_time": 2941,
        "time": 3944,
        "parameters": {
            "max_depth": 19,
            "max_features": 0.13520759534806753,
            "min_samples_leaf": 19,
            "n_estimators": 113,
            "min_samples_split": 57
        },
        "done_at": 1748792928593,
        "split_id": 4
    },
    {
        "test_score_gib": 0.8787572696663607,
        "train_score": 0.9802159662815401,
        "test_score": 0.8787572696663607,
        "num_samples": 33,
        "fit_time": 1545,
        "score_time": 3116,
        "time": 4661,
        "parameters": {
            "max_depth": 19,
            "max_features": 0.1317641885691451,
            "min_samples_leaf": 10,
            "n_estimators": 164,
            "min_samples_split": 30
        },
        "done_at": 1748792929414,
        "split_id": 0
    },
    {
        "test_score_gib": 0.8799465240641711,
        "train_score": 0.9889686616959344,
        "test_score": 0.8799465240641711,
        "num_samples": 34,
        "fit_time": 1434,
        "score_time": 3179,
        "time": 4613,
        "parameters": {
            "max_depth": 19,
            "max_features": 0.1317641885691451,
            "min_samples_leaf": 10,
            "n_estimators": 164,
            "min_samples_split": 30
        },
        "done_at": 1748792930634,
        "split_id": 1
    },
    {
        "test_score_gib": 0.9099164054336468,
        "train_score": 0.982924882830898,
        "test_score": 0.9099164054336468,
        "num_samples": 29,
        "fit_time": 1618,
        "score_time": 2862,
        "time": 4480,
        "parameters": {
            "max_depth": 19,
            "max_features": 0.1317641885691451,
            "min_samples_leaf": 10,
            "n_estimators": 164,
            "min_samples_split": 30
        },
        "done_at": 1748792932551,
        "split_id": 2
    },
    {
        "test_score_gib": 0.82993746993747,
        "train_score": 0.9785385157107644,
        "test_score": 0.82993746993747,
        "num_samples": 30,
        "fit_time": 1468,
        "score_time": 2636,
        "time": 4104,
        "parameters": {
            "max_depth": 19,
            "max_features": 0.1317641885691451,
            "min_samples_leaf": 10,
            "n_estimators": 164,
            "min_samples_split": 30
        },
        "done_at": 1748792932709,
        "split_id": 3
    },
    {
        "test_score_gib": 0.8825089980262395,
        "train_score": 0.9800835651399561,
        "test_score": 0.8825089980262395,
        "num_samples": 29,
        "fit_time": 1296,
        "score_time": 2941,
        "time": 4237,
        "parameters": {
            "max_depth": 19,
            "max_features": 0.1317641885691451,
            "min_samples_leaf": 10,
            "n_estimators": 164,
            "min_samples_split": 30
        },
        "done_at": 1748792933665,
        "split_id": 4
    },
    {
        "test_score_gib": 0.8558692990511173,
        "train_score": 0.9775555433342318,
        "test_score": 0.8558692990511173,
        "num_samples": 33,
        "fit_time": 908,
        "score_time": 2743,
        "time": 3651,
        "parameters": {
            "max_depth": 19,
            "max_features": 0.5494346253691668,
            "min_samples_leaf": 17,
            "n_estimators": 107,
            "min_samples_split": 51
        },
        "done_at": 1748792934295,
        "split_id": 0
    },
    {
        "test_score_gib": 0.8179645721925135,
        "train_score": 0.9700837086684194,
        "test_score": 0.8179645721925135,
        "num_samples": 34,
        "fit_time": 958,
        "score_time": 3144,
        "time": 4102,
        "parameters": {
            "max_depth": 19,
            "max_features": 0.5494346253691668,
            "min_samples_leaf": 17,
            "n_estimators": 107,
            "min_samples_split": 51
        },
        "done_at": 1748792936659,
        "split_id": 1
    },
    {
        "test_score_gib": 0.8536398467432952,
        "train_score": 0.9719533634007319,
        "test_score": 0.8536398467432952,
        "num_samples": 29,
        "fit_time": 959,
        "score_time": 2739,
        "time": 3698,
        "parameters": {
            "max_depth": 19,
            "max_features": 0.5494346253691668,
            "min_samples_leaf": 17,
            "n_estimators": 107,
            "min_samples_split": 51
        },
        "done_at": 1748792936420,
        "split_id": 2
    },
    {
        "test_score_gib": 0.8518518518518519,
        "train_score": 0.9678167319124257,
        "test_score": 0.8518518518518519,
        "num_samples": 30,
        "fit_time": 859,
        "score_time": 2444,
        "time": 3303,
        "parameters": {
            "max_depth": 19,
            "max_features": 0.5494346253691668,
            "min_samples_leaf": 17,
            "n_estimators": 107,
            "min_samples_split": 51
        },
        "done_at": 1748792937001,
        "split_id": 3
    },
    {
        "test_score_gib": 0.8187449204690583,
        "train_score": 0.9740914369673769,
        "test_score": 0.8187449204690583,
        "num_samples": 29,
        "fit_time": 875,
        "score_time": 3103,
        "time": 3978,
        "parameters": {
            "max_depth": 19,
            "max_features": 0.5494346253691668,
            "min_samples_leaf": 17,
            "n_estimators": 107,
            "min_samples_split": 51
        },
        "done_at": 1748792938277,
        "split_id": 4
    },
    {
        "test_score_gib": 0.8730792776247323,
        "train_score": 0.985402640115755,
        "test_score": 0.8730792776247323,
        "num_samples": 33,
        "fit_time": 2076,
        "score_time": 2812,
        "time": 4888,
        "parameters": {
            "max_depth": 18,
            "max_features": 0.43871138768472306,
            "min_samples_leaf": 7,
            "n_estimators": 188,
            "min_samples_split": 21
        },
        "done_at": 1748792941311,
        "split_id": 0
    },
    {
        "test_score_gib": 0.8673963903743317,
        "train_score": 0.9903053175263921,
        "test_score": 0.8673963903743317,
        "num_samples": 34,
        "fit_time": 1933,
        "score_time": 3177,
        "time": 5110,
        "parameters": {
            "max_depth": 18,
            "max_features": 0.43871138768472306,
            "min_samples_leaf": 7,
            "n_estimators": 188,
            "min_samples_split": 21
        },
        "done_at": 1748792941778,
        "split_id": 1
    },
    {
        "test_score_gib": 0.911027516544758,
        "train_score": 0.98535862633607,
        "test_score": 0.911027516544758,
        "num_samples": 29,
        "fit_time": 1696,
        "score_time": 2663,
        "time": 4359,
        "parameters": {
            "max_depth": 18,
            "max_features": 0.43871138768472306,
            "min_samples_leaf": 7,
            "n_estimators": 188,
            "min_samples_split": 21
        },
        "done_at": 1748792941364,
        "split_id": 2
    },
    {
        "test_score_gib": 0.8203848003848005,
        "train_score": 0.9876846247851031,
        "test_score": 0.8203848003848005,
        "num_samples": 30,
        "fit_time": 1618,
        "score_time": 2910,
        "time": 4528,
        "parameters": {
            "max_depth": 18,
            "max_features": 0.43871138768472306,
            "min_samples_leaf": 7,
            "n_estimators": 188,
            "min_samples_split": 21
        },
        "done_at": 1748792942816,
        "split_id": 3
    },
    {
        "test_score_gib": 0.8846801346801347,
        "train_score": 0.9827264423129086,
        "test_score": 0.8846801346801347,
        "num_samples": 29,
        "fit_time": 2354,
        "score_time": 3066,
        "time": 5420,
        "parameters": {
            "max_depth": 18,
            "max_features": 0.43871138768472306,
            "min_samples_leaf": 7,
            "n_estimators": 188,
            "min_samples_split": 21
        },
        "done_at": 1748792946751,
        "split_id": 4
    },
    {
        "test_score_gib": 0.8728956228956231,
        "train_score": 0.9717136042955715,
        "test_score": 0.8728956228956231,
        "num_samples": 33,
        "fit_time": 857,
        "score_time": 2781,
        "time": 3638,
        "parameters": {
            "max_depth": 9,
            "max_features": 0.1534270403214963,
            "min_samples_leaf": 19,
            "n_estimators": 85,
            "min_samples_split": 57
        },
        "done_at": 1748792945022,
        "split_id": 0
    },
    {
        "test_score_gib": 0.7839739304812834,
        "train_score": 0.9675656256234769,
        "test_score": 0.7839739304812834,
        "num_samples": 34,
        "fit_time": 623,
        "score_time": 3217,
        "time": 3840,
        "parameters": {
            "max_depth": 9,
            "max_features": 0.1534270403214963,
            "min_samples_leaf": 19,
            "n_estimators": 85,
            "min_samples_split": 57
        },
        "done_at": 1748792945626,
        "split_id": 1
    },
    {
        "test_score_gib": 0.859080459770115,
        "train_score": 0.9682120302421054,
        "test_score": 0.859080459770115,
        "num_samples": 29,
        "fit_time": 604,
        "score_time": 2876,
        "time": 3480,
        "parameters": {
            "max_depth": 9,
            "max_features": 0.1534270403214963,
            "min_samples_leaf": 19,
            "n_estimators": 85,
            "min_samples_split": 57
        },
        "done_at": 1748792946301,
        "split_id": 2
    },
    {
        "test_score_gib": 0.8307936507936508,
        "train_score": 0.9703017253878496,
        "test_score": 0.8307936507936508,
        "num_samples": 30,
        "fit_time": 629,
        "score_time": 2693,
        "time": 3322,
        "parameters": {
            "max_depth": 9,
            "max_features": 0.1534270403214963,
            "min_samples_leaf": 19,
            "n_estimators": 85,
            "min_samples_split": 57
        },
        "done_at": 1748792948356,
        "split_id": 3
    },
    {
        "test_score_gib": 0.7984384070590965,
        "train_score": 0.9736790986790986,
        "test_score": 0.7984384070590965,
        "num_samples": 29,
        "fit_time": 607,
        "score_time": 3236,
        "time": 3843,
        "parameters": {
            "max_depth": 9,
            "max_features": 0.1534270403214963,
            "min_samples_leaf": 19,
            "n_estimators": 85,
            "min_samples_split": 57
        },
        "done_at": 1748792949480,
        "split_id": 4
    },
    {
        "test_score_gib": 0.8620906029996941,
        "train_score": 0.9717215180329937,
        "test_score": 0.8620906029996941,
        "num_samples": 33,
        "fit_time": 1390,
        "score_time": 3133,
        "time": 4523,
        "parameters": {
            "max_depth": 15,
            "max_features": 0.39488891789885183,
            "min_samples_leaf": 19,
            "n_estimators": 173,
            "min_samples_split": 57
        },
        "done_at": 1748792950834,
        "split_id": 0
    },
    {
        "test_score_gib": 0.797292780748663,
        "train_score": 0.965949672302978,
        "test_score": 0.797292780748663,
        "num_samples": 34,
        "fit_time": 1301,
        "score_time": 3237,
        "time": 4538,
        "parameters": {
            "max_depth": 15,
            "max_features": 0.39488891789885183,
            "min_samples_leaf": 19,
            "n_estimators": 173,
            "min_samples_split": 57
        },
        "done_at": 1748792951299,
        "split_id": 1
    },
    {
        "test_score_gib": 0.856551724137931,
        "train_score": 0.9736686315633685,
        "test_score": 0.856551724137931,
        "num_samples": 29,
        "fit_time": 1352,
        "score_time": 2879,
        "time": 4231,
        "parameters": {
            "max_depth": 15,
            "max_features": 0.39488891789885183,
            "min_samples_leaf": 19,
            "n_estimators": 173,
            "min_samples_split": 57
        },
        "done_at": 1748792952607,
        "split_id": 2
    },
    {
        "test_score_gib": 0.8386243386243388,
        "train_score": 0.9663549783549784,
        "test_score": 0.8386243386243388,
        "num_samples": 30,
        "fit_time": 1215,
        "score_time": 2587,
        "time": 3802,
        "parameters": {
            "max_depth": 15,
            "max_features": 0.39488891789885183,
            "min_samples_leaf": 19,
            "n_estimators": 173,
            "min_samples_split": 57
        },
        "done_at": 1748792953298,
        "split_id": 3
    },
    {
        "test_score_gib": 0.8231104144897248,
        "train_score": 0.9696888846324936,
        "test_score": 0.8231104144897248,
        "num_samples": 29,
        "fit_time": 1481,
        "score_time": 2927,
        "time": 4408,
        "parameters": {
            "max_depth": 15,
            "max_features": 0.39488891789885183,
            "min_samples_leaf": 19,
            "n_estimators": 173,
            "min_samples_split": 57
        },
        "done_at": 1748792955252,
        "split_id": 4
    },
    {
        "test_score_gib": 0.8868763391490666,
        "train_score": 0.989099956313071,
        "test_score": 0.8868763391490666,
        "num_samples": 33,
        "fit_time": 944,
        "score_time": 2709,
        "time": 3653,
        "parameters": {
            "max_depth": 8,
            "max_features": 0.1880151778946672,
            "min_samples_leaf": 7,
            "n_estimators": 90,
            "min_samples_split": 21
        },
        "done_at": 1748792954972,
        "split_id": 0
    },
    {
        "test_score_gib": 0.8797459893048128,
        "train_score": 0.9926562281934184,
        "test_score": 0.8797459893048128,
        "num_samples": 34,
        "fit_time": 918,
        "score_time": 2884,
        "time": 3802,
        "parameters": {
            "max_depth": 8,
            "max_features": 0.1880151778946672,
            "min_samples_leaf": 7,
            "n_estimators": 90,
            "min_samples_split": 21
        },
        "done_at": 1748792956420,
        "split_id": 1
    },
    {
        "test_score_gib": 0.9191118077324972,
        "train_score": 0.9920708990257864,
        "test_score": 0.9191118077324972,
        "num_samples": 29,
        "fit_time": 919,
        "score_time": 2571,
        "time": 3490,
        "parameters": {
            "max_depth": 8,
            "max_features": 0.1880151778946672,
            "min_samples_leaf": 7,
            "n_estimators": 90,
            "min_samples_split": 21
        },
        "done_at": 1748792956797,
        "split_id": 2
    },
    {
        "test_score_gib": 0.8301972101972103,
        "train_score": 0.9862226019594441,
        "test_score": 0.8301972101972103,
        "num_samples": 30,
        "fit_time": 898,
        "score_time": 1355,
        "time": 2253,
        "parameters": {
            "max_depth": 8,
            "max_features": 0.1880151778946672,
            "min_samples_leaf": 7,
            "n_estimators": 90,
            "min_samples_split": 21
        },
        "done_at": 1748792957232,
        "split_id": 3
    },
    {
        "test_score_gib": 0.8966852432369673,
        "train_score": 0.981583440230057,
        "test_score": 0.8966852432369673,
        "num_samples": 29,
        "fit_time": 817,
        "score_time": 1296,
        "time": 2113,
        "parameters": {
            "max_depth": 8,
            "max_features": 0.1880151778946672,
            "min_samples_leaf": 7,
            "n_estimators": 90,
            "min_samples_split": 21
        },
        "done_at": 1748792957381,
        "split_id": 4
    }
]