{
    "startedAt": 1748792820372,
    "gridSize": 24,
    "nThreads": 4,
    "nSplits": 5,
    "metric": "ROC_AUC",
    "timeout": null,
    "gridPoints": [
        {
            "finishedAt": 1748792829822,
            "score": 0.8677802138124721,
            "testScoreGibMean": 0.8677802138124721,
            "testScoreMean": 0.8677802138124721,
            "testScoreStd": 0.023543025647235778,
            "trainScoreMean": 0.9813293389111115,
            "trainScoreStd": 0.002978263840467415,
            "time": 22981,
            "fitTimeMean": 1475.4,
            "fitTimeStd": 255.0377226999959,
            "scoreTimeMean": 3120.8,
            "scoreTimeStd": 242.10196199122387,
            "parameters": {
                "max_depth": 13,
                "max_features": 0.4363178483784972,
                "min_samples_leaf": 9,
                "n_estimators": 119,
                "min_samples_split": 27
            }
        },
        {
            "finishedAt": 1748792834746,
            "score": 0.8302183237909044,
            "testScoreGibMean": 0.8302183237909044,
            "testScoreMean": 0.8302183237909044,
            "testScoreStd": 0.0312862794839424,
            "trainScoreMean": 0.967692178234124,
            "trainScoreStd": 0.006746984229694114,
            "time": 24007,
            "fitTimeMean": 1668.6,
            "fitTimeStd": 69.37319367017781,
            "scoreTimeMean": 3132.8,
            "scoreTimeStd": 380.66804436411525,
            "parameters": {
                "max_depth": 15,
                "max_features": 0.37559013232873995,
                "min_samples_leaf": 19,
                "n_estimators": 162,
                "min_samples_split": 57
            }
        },
        {
            "finishedAt": 1748792839795,
            "score": 0.8781305761144472,
            "testScoreGibMean": 0.8781305761144472,
            "testScoreMean": 0.8781305761144472,
            "testScoreStd": 0.023784683894464136,
            "trainScoreMean": 0.9859277056008613,
            "trainScoreStd": 0.003423348575229713,
            "time": 23848,
            "fitTimeMean": 1532.2,
            "fitTimeStd": 50.085526851576596,
            "scoreTimeMean": 3237.4,
            "scoreTimeStd": 383.1034325087678,
            "parameters": {
                "max_depth": 10,
                "max_features": 0.45526782093320606,
                "min_samples_leaf": 7,
                "n_estimators": 134,
                "min_samples_split": 21
            }
        },
        {
            "finishedAt": 1748792845203,
            "score": 0.8846654796816088,
            "testScoreGibMean": 0.8846654796816088,
            "testScoreMean": 0.8846654796816088,
            "testScoreStd": 0.02087760726714802,
            "trainScoreMean": 0.9981173364041308,
            "trainScoreStd": 0.0007904370754405749,
            "time": 22725,
            "fitTimeMean": 1374.4,
            "fitTimeStd": 80.8692772318388,
            "scoreTimeMean": 3170.6,
            "scoreTimeStd": 294.3260776757642,
            "parameters": {
                "max_depth": 16,
                "max_features": 0.5396887316142894,
                "min_samples_leaf": 2,
                "n_estimators": 107,
                "min_samples_split": 6
            }
        },
        {
            "finishedAt": 1748792852303,
            "score": 0.839048014709305,
            "testScoreGibMean": 0.839048014709305,
            "testScoreMean": 0.839048014709305,
            "testScoreStd": 0.029691696395356067,
            "trainScoreMean": 0.9698177226720385,
            "trainScoreStd": 0.0016342196976207504,
            "time": 22993,
            "fitTimeMean": 1275.4,
            "fitTimeStd": 160.22059792673352,
            "scoreTimeMean": 3323.2,
            "scoreTimeStd": 187.16132079038127,
            "parameters": {
                "max_depth": 19,
                "max_features": 0.15708867592439582,
                "min_samples_leaf": 19,
                "n_estimators": 146,
                "min_samples_split": 57
            }
        },
        {
            "finishedAt": 1748792859047,
            "score": 0.8765121025927479,
            "testScoreGibMean": 0.8765121025927479,
            "testScoreMean": 0.8765121025927479,
            "testScoreStd": 0.02089827065390612,
            "trainScoreMean": 0.9982648475457707,
            "trainScoreStd": 0.0005155979643089811,
            "time": 25855,
            "fitTimeMean": 1951.2,
            "fitTimeStd": 199.242967253552,
            "scoreTimeMean": 3219.8,
            "scoreTimeStd": 96.19438653060791,
            "parameters": {
                "max_depth": 15,
                "max_features": 0.6901291630861847,
                "min_samples_leaf": 2,
                "n_estimators": 140,
                "min_samples_split": 6
            }
        },
        {
            "finishedAt": 1748792864412,
            "score": 0.845984689444367,
            "testScoreGibMean": 0.845984689444367,
            "testScoreMean": 0.845984689444367,
            "testScoreStd": 0.02517643000609043,
            "trainScoreMean": 0.9712513588426162,
            "trainScoreStd": 0.006142186436505035,
            "time": 25156,
            "fitTimeMean": 1715.2,
            "fitTimeStd": 157.33327683614806,
            "scoreTimeMean": 3316.0,
            "scoreTimeStd": 392.6586303648501,
            "parameters": {
                "max_depth": 13,
                "max_features": 0.5739371275638874,
                "min_samples_leaf": 18,
                "n_estimators": 191,
                "min_samples_split": 54
            }
        },
        {
            "finishedAt": 1748792868882,
            "score": 0.8887840385421032,
            "testScoreGibMean": 0.8887840385421032,
            "testScoreMean": 0.8887840385421032,
            "testScoreStd": 0.02222998291111603,
            "trainScoreMean": 0.9952102968213841,
            "trainScoreStd": 0.0013705277122588626,
            "time": 22018,
            "fitTimeMean": 1164.0,
            "fitTimeStd": 68.7371806230078,
            "scoreTimeMean": 3239.6,
            "scoreTimeStd": 154.97561098443845,
            "parameters": {
                "max_depth": 17,
                "max_features": 0.3496623637425988,
                "min_samples_leaf": 4,
                "n_estimators": 100,
                "min_samples_split": 12
            }
        },
        {
            "finishedAt": 1748792877468,
            "score": 0.87921276513212,
            "testScoreGibMean": 0.87921276513212,
            "testScoreMean": 0.87921276513212,
            "testScoreStd": 0.029342138786975946,
            "trainScoreMean": 0.985368774821954,
            "trainScoreStd": 0.0015631637808162793,
            "time": 26104,
            "fitTimeMean": 1888.4,
            "fitTimeStd": 71.97110531317412,
            "scoreTimeMean": 3332.4,
            "scoreTimeStd": 257.93378995393374,
            "parameters": {
                "max_depth": 14,
                "max_features": 0.32197125936064896,
                "min_samples_leaf": 8,
                "n_estimators": 171,
                "min_samples_split": 24
            }
        },
        {
            "finishedAt": 1748792884598,
            "score": 0.8909509922574438,
            "testScoreGibMean": 0.8909509922574438,
            "testScoreMean": 0.8909509922574438,
            "testScoreStd": 0.02377885620957487,
            "trainScoreMean": 0.9985801677899312,
            "trainScoreStd": 0.0008070183892081314,
            "time": 27166,
            "fitTimeMean": 2010.4,
            "fitTimeStd": 160.95042715072242,
            "scoreTimeMean": 3422.8,
            "scoreTimeStd": 295.9509418805759,
            "parameters": {
                "max_depth": 15,
                "max_features": 0.34301252886495703,
                "min_samples_leaf": 2,
                "n_estimators": 156,
                "min_samples_split": 6
            }
        },
        {
            "finishedAt": 1748792889956,
            "score": 0.8290160204192463,
            "testScoreGibMean": 0.8290160204192463,
            "testScoreMean": 0.8290160204192463,
            "testScoreStd": 0.040948116228193845,
            "trainScoreMean": 0.968693908419593,
            "trainScoreStd": 0.00478990108886445,
            "time": 25785,
            "fitTimeMean": 1858.0,
            "fitTimeStd": 207.23995753715064,
            "scoreTimeMean": 3299.0,
            "scoreTimeStd": 310.3456137921076,
            "parameters": {
                "max_depth": 12,
                "max_features": 0.34788478085479535,
                "min_samples_leaf": 19,
                "n_estimators": 197,
                "min_samples_split": 57
            }
        },
        {
            "finishedAt": 1748792894442,
            "score": 0.828572654346848,
            "testScoreGibMean": 0.828572654346848,
            "testScoreMean": 0.828572654346848,
            "testScoreStd": 0.02447480664685011,
            "trainScoreMean": 0.9656158969626905,
            "trainScoreStd": 0.0056875904717627185,
            "time": 21279,
            "fitTimeMean": 1022.4,
            "fitTimeStd": 89.10353528339938,
            "scoreTimeMean": 3233.4,
            "scoreTimeStd": 340.26378002955295,
            "parameters": {
                "max_depth": 20,
                "max_features": 0.6570442788259865,
                "min_samples_leaf": 19,
                "n_estimators": 106,
                "min_samples_split": 57
            }
        },
        {
            "finishedAt": 1748792902110,
            "score": 0.8519652089248864,
            "testScoreGibMean": 0.8519652089248864,
            "testScoreMean": 0.8519652089248864,
            "testScoreStd": 0.023166660958392083,
            "trainScoreMean": 0.9774378334563615,
            "trainScoreStd": 0.0021531908066160306,
            "time": 24274,
            "fitTimeMean": 1640.4,
            "fitTimeStd": 67.8191713308265,
            "scoreTimeMean": 3214.4,
            "scoreTimeStd": 180.77123665008213,
            "parameters": {
                "max_depth": 9,
                "max_features": 0.6744155342027564,
                "min_samples_leaf": 11,
                "n_estimators": 148,
                "min_samples_split": 33
            }
        },
        {
            "finishedAt": 1748792906558,
            "score": 0.8710955522971653,
            "testScoreGibMean": 0.8710955522971653,
            "testScoreMean": 0.8710955522971653,
            "testScoreStd": 0.03400087903302998,
            "trainScoreMean": 0.9880615089402155,
            "trainScoreStd": 0.003112694421742232,
            "time": 20679,
            "fitTimeMean": 1033.4,
            "fitTimeStd": 118.3665493287694,
            "scoreTimeMean": 3102.4,
            "scoreTimeStd": 176.27546624530595,
            "parameters": {
                "max_depth": 17,
                "max_features": 0.5153530858925176,
                "min_samples_leaf": 7,
                "n_estimators": 83,
                "min_samples_split": 21
            }
        },
        {
            "finishedAt": 1748792912164,
            "score": 0.8470467811758137,
            "testScoreGibMean": 0.8470467811758137,
            "testScoreMean": 0.8470467811758137,
            "testScoreStd": 0.025203654857211773,
            "trainScoreMean": 0.9756930835928292,
            "trainScoreStd": 0.0027210170874231976,
            "time": 24655,
            "fitTimeMean": 1435.6,
            "fitTimeStd": 67.8692861315043,
            "scoreTimeMean": 3495.4,
            "scoreTimeStd": 124.13154313066443,
            "parameters": {
                "max_depth": 14,
                "max_features": 0.5390140412005745,
                "min_samples_leaf": 16,
                "n_estimators": 151,
                "min_samples_split": 48
            }
        },
        {
            "finishedAt": 1748792918413,
            "score": 0.8688492761718569,
            "testScoreGibMean": 0.8688492761718569,
            "testScoreMean": 0.8688492761718569,
            "testScoreStd": 0.021611285685826497,
            "trainScoreMean": 0.980835497966831,
            "trainScoreStd": 0.0018667574276675957,
            "time": 25171,
            "fitTimeMean": 1981.6,
            "fitTimeStd": 214.62581391808396,
            "scoreTimeMean": 3052.6,
            "scoreTimeStd": 352.8425144451842,
            "parameters": {
                "max_depth": 10,
                "max_features": 0.3746275505124097,
                "min_samples_leaf": 10,
                "n_estimators": 193,
                "min_samples_split": 30
            }
        },
        {
            "finishedAt": 1748792924643,
            "score": 0.861584787971885,
            "testScoreGibMean": 0.861584787971885,
            "testScoreMean": 0.861584787971885,
            "testScoreStd": 0.02122942104512892,
            "trainScoreMean": 0.9808906381393967,
            "trainScoreStd": 0.00318747093032447,
            "time": 20665,
            "fitTimeMean": 1222.0,
            "fitTimeStd": 88.5641010793877,
            "scoreTimeMean": 2911.0,
            "scoreTimeStd": 214.9139362628678,
            "parameters": {
                "max_depth": 18,
                "max_features": 0.583659121407126,
                "min_samples_leaf": 13,
                "n_estimators": 128,
                "min_samples_split": 39
            }
        },
        {
            "finishedAt": 1748792928593,
            "score": 0.8325542250461605,
            "testScoreGibMean": 0.8325542250461605,
            "testScoreMean": 0.8325542250461605,
            "testScoreStd": 0.0418602437989685,
            "trainScoreMean": 0.9694900023520908,
            "trainScoreStd": 0.002886368577653943,
            "time": 18608,
            "fitTimeMean": 899.4,
            "fitTimeStd": 94.51052851402324,
            "scoreTimeMean": 2822.2,
            "scoreTimeStd": 117.32928023302622,
            "parameters": {
                "max_depth": 19,
                "max_features": 0.13520759534806753,
                "min_samples_leaf": 19,
                "n_estimators": 113,
                "min_samples_split": 57
            }
        },
        {
            "finishedAt": 1748792933665,
            "score": 0.8761008549395647,
            "testScoreGibMean": 0.8761008549395647,
            "testScoreMean": 0.8761008549395647,
            "testScoreStd": 0.02527520241988971,
            "trainScoreMean": 0.9822933022414858,
            "trainScoreStd": 0.00379608109736703,
            "time": 22095,
            "fitTimeMean": 1472.2,
            "fitTimeStd": 108.70216189202495,
            "scoreTimeMean": 2946.8,
            "scoreTimeStd": 193.0630984937308,
            "parameters": {
                "max_depth": 19,
                "max_features": 0.1317641885691451,
                "min_samples_leaf": 10,
                "n_estimators": 164,
                "min_samples_split": 30
            }
        },
        {
            "finishedAt": 1748792938277,
            "score": 0.8394141685673945,
            "testScoreGibMean": 0.8394141685673945,
            "testScoreMean": 0.8394141685673945,
            "testScoreStd": 0.017501571014498014,
            "trainScoreMean": 0.9723353560826055,
            "trainScoreStd": 0.0033867295171634017,
            "time": 18732,
            "fitTimeMean": 911.8,
            "fitTimeStd": 41.27662776923522,
            "scoreTimeMean": 2834.6,
            "scoreTimeStd": 259.94814867584654,
            "parameters": {
                "max_depth": 19,
                "max_features": 0.5494346253691668,
                "min_samples_leaf": 17,
                "n_estimators": 107,
                "min_samples_split": 51
            }
        },
        {
            "finishedAt": 1748792946751,
            "score": 0.870904253751028,
            "testScoreGibMean": 0.870904253751028,
            "testScoreMean": 0.870904253751028,
            "testScoreStd": 0.028885851537897876,
            "trainScoreMean": 0.9864107977683272,
            "trainScoreStd": 0.002569890139048019,
            "time": 24305,
            "fitTimeMean": 1935.4,
            "fitTimeStd": 265.7273790936869,
            "scoreTimeMean": 2925.6,
            "scoreTimeStd": 181.67069108692246,
            "parameters": {
                "max_depth": 18,
                "max_features": 0.43871138768472306,
                "min_samples_leaf": 7,
                "n_estimators": 188,
                "min_samples_split": 21
            }
        },
        {
            "finishedAt": 1748792949480,
            "score": 0.8287259732501668,
            "testScoreGibMean": 0.8287259732501668,
            "testScoreMean": 0.8287259732501668,
            "testScoreStd": 0.03463416422161894,
            "trainScoreMean": 0.9702430626664676,
            "trainScoreStd": 0.0022392566415080973,
            "time": 18123,
            "fitTimeMean": 664.0,
            "fitTimeStd": 96.95772274553481,
            "scoreTimeMean": 2960.6,
            "scoreTimeStd": 224.77063865193782,
            "parameters": {
                "max_depth": 9,
                "max_features": 0.1534270403214963,
                "min_samples_leaf": 19,
                "n_estimators": 85,
                "min_samples_split": 57
            }
        },
        {
            "finishedAt": 1748792955252,
            "score": 0.835005655634688,
            "testScoreGibMean": 0.835005655634688,
            "testScoreMean": 0.835005655634688,
            "testScoreStd": 0.024166692233097874,
            "trainScoreMean": 0.9694007501530283,
            "trainScoreStd": 0.002996356538986257,
            "time": 21502,
            "fitTimeMean": 1347.8,
            "fitTimeStd": 88.73195591217406,
            "scoreTimeMean": 2952.6,
            "scoreTimeStd": 225.0169771372818,
            "parameters": {
                "max_depth": 15,
                "max_features": 0.39488891789885183,
                "min_samples_leaf": 19,
                "n_estimators": 173,
                "min_samples_split": 57
            }
        },
        {
            "finishedAt": 1748792957381,
            "score": 0.8822084749181524,
            "testScoreGibMean": 0.8822084749181524,
            "testScoreMean": 0.8822084749181524,
            "testScoreStd": 0.028697747098551565,
            "trainScoreMean": 0.9884726723490991,
            "trainScoreStd": 0.004025560377176538,
            "time": 15311,
            "fitTimeMean": 899.2,
            "fitTimeStd": 43.61375929680907,
            "scoreTimeMean": 2163.0,
            "scoreTimeStd": 691.2270249346448,
            "parameters": {
                "max_depth": 8,
                "max_features": 0.1880151778946672,
                "min_samples_leaf": 7,
                "n_estimators": 90,
                "min_samples_split": 21
            }
        }
    ]
}