{
  "columns": [
    {"name":"operator","type":"string"},
    {"name":"Field","type":"string"},
    {"name":"State","type":"string"},
    {"name":"County","type":"string"},
    {"name":"EOR Type","type":"string"},
    {"name":"EOR_Type_Declutter","type":"string"},
    {"name":"Start Date","type":"string"},
    {"name":"Area, acres","type":"string"},
    {"name":"Total Wells prod.","type":"string"},
    {"name":"Total Wells Inj.","type":"string"},
    {"name":"Pay zone","type":"string"},
    {"name":"Formation","type":"string"},
    {"name":"Porosity","type":"string"},
    {"name":"Permeabiliy, mD","type":"string"},
    {"name":"Depth, ft","type":"string"},
    {"name":"Oil Gravity, API","type":"string"},
    {"name":"Oil Viscosity, cP","type":"string"},
    {"name":"Temperature, F","type":"string"},
    {"name":"Total Prod, b/d","type":"bigint"},
    {"name":"Enhanced Prod. b/d","type":"bigint"},
    {"name":"col_19","type":"string"},
    {"name":"col_20","type":"string"},
    {"name":"col_21","type":"string"},
    {"name":"col_22","type":"string"},
    {"name":"col_23","type":"string"},
    {"name":"col_24","type":"string"},
    {"name":"col_25","type":"string"}
  ],
  "userModified": true
}