{
    "modelInputNRows": 155,
    "modelInputNCols": 192,
    "modelInputIsSparse": false,
    "modelInputMemory": 238080,
    "usedGridSearch": true,
    "gridSize": 24,
    "gridBestScore": 0.8909509922574438,
    "gridCells": [
        {
            "params": {
                "max_depth": 13,
                "max_features": 0.4363178483784972,
                "min_samples_leaf": 9,
                "n_estimators": 119,
                "min_samples_split": 27
            },
            "score": 0.8677802138124721,
            "scoreStd": 0.023543025647235778,
            "fitTime": 1.4754,
            "fitTimeStd": 0.2550377226999959,
            "scoreTime": 3.1208,
            "scoreTimeStd": 0.24210196199122389
        },
        {
            "params": {
                "max_depth": 15,
                "max_features": 0.37559013232873995,
                "min_samples_leaf": 19,
                "n_estimators": 162,
                "min_samples_split": 57
            },
            "score": 0.8302183237909044,
            "scoreStd": 0.0312862794839424,
            "fitTime": 1.6685999999999999,
            "fitTimeStd": 0.06937319367017782,
            "scoreTime": 3.1328,
            "scoreTimeStd": 0.3806680443641152
        },
        {
            "params": {
                "max_depth": 10,
                "max_features": 0.45526782093320606,
                "min_samples_leaf": 7,
                "n_estimators": 134,
                "min_samples_split": 21
            },
            "score": 0.8781305761144472,
            "scoreStd": 0.023784683894464136,
            "fitTime": 1.5322,
            "fitTimeStd": 0.05008552685157659,
            "scoreTime": 3.2374,
            "scoreTimeStd": 0.3831034325087678
        },
        {
            "params": {
                "max_depth": 16,
                "max_features": 0.5396887316142894,
                "min_samples_leaf": 2,
                "n_estimators": 107,
                "min_samples_split": 6
            },
            "score": 0.8846654796816088,
            "scoreStd": 0.02087760726714802,
            "fitTime": 1.3744,
            "fitTimeStd": 0.08086927723183879,
            "scoreTime": 3.1706,
            "scoreTimeStd": 0.29432607767576424
        },
        {
            "params": {
                "max_depth": 19,
                "max_features": 0.15708867592439582,
                "min_samples_leaf": 19,
                "n_estimators": 146,
                "min_samples_split": 57
            },
            "score": 0.839048014709305,
            "scoreStd": 0.029691696395356067,
            "fitTime": 1.2754,
            "fitTimeStd": 0.16022059792673352,
            "scoreTime": 3.3232,
            "scoreTimeStd": 0.18716132079038128
        },
        {
            "params": {
                "max_depth": 15,
                "max_features": 0.6901291630861847,
                "min_samples_leaf": 2,
                "n_estimators": 140,
                "min_samples_split": 6
            },
            "score": 0.8765121025927479,
            "scoreStd": 0.02089827065390612,
            "fitTime": 1.9512,
            "fitTimeStd": 0.199242967253552,
            "scoreTime": 3.2198,
            "scoreTimeStd": 0.09619438653060791
        },
        {
            "params": {
                "max_depth": 13,
                "max_features": 0.5739371275638874,
                "min_samples_leaf": 18,
                "n_estimators": 191,
                "min_samples_split": 54
            },
            "score": 0.845984689444367,
            "scoreStd": 0.02517643000609043,
            "fitTime": 1.7152,
            "fitTimeStd": 0.15733327683614806,
            "scoreTime": 3.316,
            "scoreTimeStd": 0.3926586303648501
        },
        {
            "params": {
                "max_depth": 17,
                "max_features": 0.3496623637425988,
                "min_samples_leaf": 4,
                "n_estimators": 100,
                "min_samples_split": 12
            },
            "score": 0.8887840385421032,
            "scoreStd": 0.02222998291111603,
            "fitTime": 1.164,
            "fitTimeStd": 0.06873718062300781,
            "scoreTime": 3.2396,
            "scoreTimeStd": 0.15497561098443843
        },
        {
            "params": {
                "max_depth": 14,
                "max_features": 0.32197125936064896,
                "min_samples_leaf": 8,
                "n_estimators": 171,
                "min_samples_split": 24
            },
            "score": 0.87921276513212,
            "scoreStd": 0.029342138786975946,
            "fitTime": 1.8884,
            "fitTimeStd": 0.07197110531317412,
            "scoreTime": 3.3324000000000003,
            "scoreTimeStd": 0.25793378995393373
        },
        {
            "params": {
                "max_depth": 15,
                "max_features": 0.34301252886495703,
                "min_samples_leaf": 2,
                "n_estimators": 156,
                "min_samples_split": 6
            },
            "score": 0.8909509922574438,
            "scoreStd": 0.02377885620957487,
            "fitTime": 2.0104,
            "fitTimeStd": 0.1609504271507224,
            "scoreTime": 3.4228,
            "scoreTimeStd": 0.2959509418805759
        },
        {
            "params": {
                "max_depth": 12,
                "max_features": 0.34788478085479535,
                "min_samples_leaf": 19,
                "n_estimators": 197,
                "min_samples_split": 57
            },
            "score": 0.8290160204192463,
            "scoreStd": 0.040948116228193845,
            "fitTime": 1.858,
            "fitTimeStd": 0.20723995753715063,
            "scoreTime": 3.299,
            "scoreTimeStd": 0.3103456137921076
        },
        {
            "params": {
                "max_depth": 20,
                "max_features": 0.6570442788259865,
                "min_samples_leaf": 19,
                "n_estimators": 106,
                "min_samples_split": 57
            },
            "score": 0.828572654346848,
            "scoreStd": 0.02447480664685011,
            "fitTime": 1.0224,
            "fitTimeStd": 0.08910353528339938,
            "scoreTime": 3.2334,
            "scoreTimeStd": 0.34026378002955293
        },
        {
            "params": {
                "max_depth": 9,
                "max_features": 0.6744155342027564,
                "min_samples_leaf": 11,
                "n_estimators": 148,
                "min_samples_split": 33
            },
            "score": 0.8519652089248864,
            "scoreStd": 0.023166660958392083,
            "fitTime": 1.6404,
            "fitTimeStd": 0.0678191713308265,
            "scoreTime": 3.2144,
            "scoreTimeStd": 0.18077123665008213
        },
        {
            "params": {
                "max_depth": 17,
                "max_features": 0.5153530858925176,
                "min_samples_leaf": 7,
                "n_estimators": 83,
                "min_samples_split": 21
            },
            "score": 0.8710955522971653,
            "scoreStd": 0.03400087903302998,
            "fitTime": 1.0334,
            "fitTimeStd": 0.11836654932876939,
            "scoreTime": 3.1024000000000003,
            "scoreTimeStd": 0.17627546624530596
        },
        {
            "params": {
                "max_depth": 14,
                "max_features": 0.5390140412005745,
                "min_samples_leaf": 16,
                "n_estimators": 151,
                "min_samples_split": 48
            },
            "score": 0.8470467811758137,
            "scoreStd": 0.025203654857211773,
            "fitTime": 1.4356,
            "fitTimeStd": 0.0678692861315043,
            "scoreTime": 3.4954,
            "scoreTimeStd": 0.12413154313066442
        },
        {
            "params": {
                "max_depth": 10,
                "max_features": 0.3746275505124097,
                "min_samples_leaf": 10,
                "n_estimators": 193,
                "min_samples_split": 30
            },
            "score": 0.8688492761718569,
            "scoreStd": 0.021611285685826497,
            "fitTime": 1.9815999999999998,
            "fitTimeStd": 0.21462581391808397,
            "scoreTime": 3.0526,
            "scoreTimeStd": 0.35284251444518416
        },
        {
            "params": {
                "max_depth": 18,
                "max_features": 0.583659121407126,
                "min_samples_leaf": 13,
                "n_estimators": 128,
                "min_samples_split": 39
            },
            "score": 0.861584787971885,
            "scoreStd": 0.02122942104512892,
            "fitTime": 1.222,
            "fitTimeStd": 0.0885641010793877,
            "scoreTime": 2.911,
            "scoreTimeStd": 0.21491393626286778
        },
        {
            "params": {
                "max_depth": 19,
                "max_features": 0.13520759534806753,
                "min_samples_leaf": 19,
                "n_estimators": 113,
                "min_samples_split": 57
            },
            "score": 0.8325542250461605,
            "scoreStd": 0.0418602437989685,
            "fitTime": 0.8994,
            "fitTimeStd": 0.09451052851402324,
            "scoreTime": 2.8221999999999996,
            "scoreTimeStd": 0.11732928023302623
        },
        {
            "params": {
                "max_depth": 19,
                "max_features": 0.1317641885691451,
                "min_samples_leaf": 10,
                "n_estimators": 164,
                "min_samples_split": 30
            },
            "score": 0.8761008549395647,
            "scoreStd": 0.02527520241988971,
            "fitTime": 1.4722,
            "fitTimeStd": 0.10870216189202495,
            "scoreTime": 2.9468,
            "scoreTimeStd": 0.1930630984937308
        },
        {
            "params": {
                "max_depth": 19,
                "max_features": 0.5494346253691668,
                "min_samples_leaf": 17,
                "n_estimators": 107,
                "min_samples_split": 51
            },
            "score": 0.8394141685673945,
            "scoreStd": 0.017501571014498014,
            "fitTime": 0.9117999999999999,
            "fitTimeStd": 0.04127662776923522,
            "scoreTime": 2.8346,
            "scoreTimeStd": 0.25994814867584654
        },
        {
            "params": {
                "max_depth": 18,
                "max_features": 0.43871138768472306,
                "min_samples_leaf": 7,
                "n_estimators": 188,
                "min_samples_split": 21
            },
            "score": 0.870904253751028,
            "scoreStd": 0.028885851537897876,
            "fitTime": 1.9354,
            "fitTimeStd": 0.26572737909368693,
            "scoreTime": 2.9255999999999998,
            "scoreTimeStd": 0.18167069108692246
        },
        {
            "params": {
                "max_depth": 9,
                "max_features": 0.1534270403214963,
                "min_samples_leaf": 19,
                "n_estimators": 85,
                "min_samples_split": 57
            },
            "score": 0.8287259732501668,
            "scoreStd": 0.03463416422161894,
            "fitTime": 0.664,
            "fitTimeStd": 0.09695772274553481,
            "scoreTime": 2.9606,
            "scoreTimeStd": 0.2247706386519378
        },
        {
            "params": {
                "max_depth": 15,
                "max_features": 0.39488891789885183,
                "min_samples_leaf": 19,
                "n_estimators": 173,
                "min_samples_split": 57
            },
            "score": 0.835005655634688,
            "scoreStd": 0.024166692233097874,
            "fitTime": 1.3477999999999999,
            "fitTimeStd": 0.08873195591217406,
            "scoreTime": 2.9526,
            "scoreTimeStd": 0.2250169771372818
        },
        {
            "params": {
                "max_depth": 8,
                "max_features": 0.1880151778946672,
                "min_samples_leaf": 7,
                "n_estimators": 90,
                "min_samples_split": 21
            },
            "score": 0.8822084749181524,
            "scoreStd": 0.028697747098551565,
            "fitTime": 0.8992,
            "fitTimeStd": 0.04361375929680907,
            "scoreTime": 2.163,
            "scoreTimeStd": 0.6912270249346447
        }
    ],
    "rawImportance": {
        "variables": [
            "Permeabiliy, mD",
            "Total Wells prod.",
            "Oil Gravity, API",
            "Depth, ft",
            "Temperature, F",
            "Oil Viscosity, cP",
            "Enhanced Prod. b/d",
            "Total Wells Inj.",
            "Total Prod, b/d",
            "Area, acres",
            "Porosity",
            "dummy:County:Kern",
            "dummy:County:Bowman",
            "dummy:County:Harding",
            "dummy:County:Fresno",
            "dummy:County:Monterey",
            "dummy:County:N/A",
            "dummy:operator:Chevron",
            "dummy:operator:Continental Resources",
            "dummy:operator:N/A",
            "dummy:Field:Midway\u2013Sunset South",
            "dummy:Field:West Coalinga",
            "dummy:Field:San Ardo",
            "dummy:Field:N/A",
            "dummy:Start Date:7/87",
            "dummy:Start Date:N/A",
            "dummy:Pay zone:San Andres",
            "dummy:Pay zone:Red River B",
            "dummy:Pay zone:Kuparuk River",
            "dummy:Pay zone:Naricual",
            "dummy:Pay zone:Eutaw",
            "dummy:Pay zone:Schrader Bluff",
            "dummy:Pay zone:Red River B & C",
            "dummy:Pay zone:Temblor",
            "dummy:Pay zone:Darwin-Madison",
            "dummy:Pay zone:Lower Morne",
            "dummy:Pay zone:N/A",
            "dummy:State:Calif.",
            "dummy:State:N/A",
            "dummy:Formation:S",
            "dummy:Formation:Dolo.",
            "dummy:Formation:Dolo",
            "dummy:Formation:US",
            "dummy:Formation:LS",
            "dummy:Formation:Tripol."
        ],
        "importances": [
            0.12526522503496512,
            0.05818191018764562,
            0.11419293555259398,
            0.06932510018267875,
            0.04786693759437647,
            0.03848136400827314,
            0.057966162494677786,
            0.026859860875352828,
            0.06204548406041429,
            0.0839466301030484,
            0.0810134010761513,
            0.000602981274364766,
            2.511481607463542e-07,
            0.0007108523956793546,
            0.0019254619775371325,
            0.0012012809955160365,
            0.008280991004141581,
            0.021559674235686846,
            0.039745102980783396,
            0.006457064343138825,
            8.352261756095801e-05,
            0.002194286585115497,
            0.0017414445721191918,
            0.008432233163504423,
            0.0011593671506517252,
            0.012208283418870373,
            0.00046166437024630424,
            0.004792384554230532,
            0.0009238611902625616,
            0.020565393845246603,
            0.0014947893591342686,
            0.0003756197632640597,
            0.00026801719460971214,
            0.0018408298303835685,
            5.24871753452748e-05,
            0.019250984840806878,
            0.020247705415110114,
            0.010502826121978937,
            0.00818305587295599,
            0.010865899435562423,
            0.0024297692399425815,
            0.0011251582710719854,
            0.024959803944538488,
            0.0001965465918998241,
            1.5393950401399734e-05
        ]
    },
    "probaAware": true
}