{
    "diagnostics": [
        {
            "type": "ML_DIAGNOSTICS_DATASET_SANITY_CHECKS",
            "message": "Training set might be too small (162 rows) for robust training",
            "step": "Loading train set"
        },
        {
            "type": "ML_DIAGNOSTICS_DATASET_SANITY_CHECKS",
            "message": "The train dataset is imbalanced (class 'Acid Gas Miscible' is only represented in 0.62% of rows; a well balanced dataset would contain ~6.25%), metrics can be misleading",
            "step": "Loading train set"
        },
        {
            "type": "ML_DIAGNOSTICS_DATASET_SANITY_CHECKS",
            "message": "Test set might be too small (38 rows) for reliable performance estimation",
            "step": "Loading test set"
        },
        {
            "type": "ML_DIAGNOSTICS_DATASET_SANITY_CHECKS",
            "message": "Test and train dataset do not contain the same number of classes",
            "step": "Scoring model"
        }
    ]
}