{
  "state": "DONE",
  "preSearchDescription": {
    "gridLength": 24,
    "searchStrategy": "RANDOM",
    "importantParams": [
      {
        "name": "trees",
        "min": "80",
        "max": "200"
      },
      {
        "name": "depth",
        "min": "6",
        "max": "20"
      },
      {
        "name": "min_samples",
        "min": "1",
        "max": "20"
      }
    ]
  },
  "postSearchDescription": {
    "importantParams": [
      {
        "name": "trees",
        "val": "156"
      },
      {
        "name": "depth",
        "val": "15"
      },
      {
        "name": "min_samples",
        "val": "2"
      }
    ]
  },
  "resumed": false,
  "timeOrderingEnabled": false,
  "sampleWeightsEnabled": false,
  "modelId": "m1",
  "progress": {
    "top_level_todo": [],
    "stack": [],
    "top_level_done": [
      {
        "name": "Loading train set",
        "time": 556
      },
      {
        "name": "Loading test set",
        "time": 45
      },
      {
        "name": "Collecting statistics",
        "time": 98
      },
      {
        "name": "Preprocessing train set",
        "time": 155
      },
      {
        "name": "Preprocessing test set",
        "time": 97
      },
      {
        "name": "Hyperparameter searching",
        "time": 137478
      },
      {
        "name": "Fitting model",
        "time": 715
      },
      {
        "name": "Saving model",
        "time": 419
      },
      {
        "name": "Scoring model",
        "time": 1497
      },
      {
        "name": "Preparing explainability",
        "time": 9538
      }
    ]
  },
  "startTime": 1748792819345,
  "endTime": 1748792969971,
  "preprocessingTime": 966,
  "trainingTime": 149660,
  "hyperparamsSearchTime": 137478,
  "pythonVersion": "3.6.8",
  "packagesVersion": {
    "pandas": "1.1.5",
    "scikit-learn": "0.20.4",
    "scipy": "1.2.3",
    "lightgbm": "3.2.1",
    "flask": "1.0.4",
    "itsdangerous": "2.0.1",
    "jinja2": "2.11.3",
    "xgboost": "1.5.2",
    "werkzeug": "2.0.3",
    "statsmodels": "0.12.2",
    "markupsafe": "2.0.1",
    "cloudpickle": "1.5.0"
  }
}