{
  "starred": false,
  "clusterMetas": {},
  "customMeta": {
    "kv": {}
  },
  "tags": [],
  "activeClassifierThreshold": 0.0,
  "description": "",
  "name": "Random forest (s1) - v1",
  "labels": [
    {
      "key": "trainDataset:dataset-name",
      "value": "EOR_data_clean_prepared"
    },
    {
      "key": "testDataset:dataset-name",
      "value": "EOR_data_clean_prepared"
    },
    {
      "key": "evaluationDataset:dataset-name",
      "value": "EOR_data_clean_prepared"
    },
    {
      "key": "model:algorithm",
      "value": "RANDOM_FOREST_CLASSIFICATION"
    },
    {
      "key": "model:date",
      "value": "2025-06-01T15:49:29.971+0000"
    },
    {
      "key": "evaluation:date",
      "value": "2025-06-01T15:49:29.971+0000"
    },
    {
      "key": "model:name",
      "value": "Random forest (s1) - v1"
    }
  ]
}