{
  "params": {
    "ttPolicy": "SPLIT_SINGLE_DATASET",
    "ssdSplitMode": "RANDOM",
    "splitBeforePrepare": true,
    "ssdSelection": {
      "useMemTable": false,
      "filter": {
        "distinct": false,
        "enabled": false
      },
      "partitionSelectionMethod": "ALL",
      "latestPartitionsN": 1,
      "ordering": {
        "enabled": false,
        "rules": []
      },
      "samplingMethod": "HEAD_SEQUENTIAL",
      "maxRecords": 100000,
      "targetRatio": 0.02,
      "ascending": true,
      "withinFirstN": -1,
      "maxReadUncompressedBytes": -1,
      "seed": 1337
    },
    "ssdTrainingRatio": 0.8,
    "ssdStratified": false,
    "ssdGrouped": false,
    "ssdSeed": 1337,
    "testOnLargerValues": true,
    "streamAll": false,
    "kfold": false,
    "nFolds": 5,
    "instanceIdRefresher": 0,
    "subSamplingSeed": 1337
  },
  "generationDate": 1748792813454,
  "policyId": "type\u003dSPLIT_SINGLE_DATASET,split\u003dRANDOM,splitBeforePrepare\u003dtrue,ds\u003dEOR_data_clean_prepared,sel\u003d(method\u003dhead-s,records\u003d100000),r\u003d0.8,s\u003d1337",
  "instanceId": "a9d3f5cd257224d4d64fb7e0af0a93c5-0",
  "format": "csv1",
  "schema": {
    "columns": [
      {"name":"operator","type":"string"},
      {"name":"Field","type":"string"},
      {"name":"State","type":"string"},
      {"name":"County","type":"string"},
      {"name":"EOR Type","type":"string"},
      {"name":"EOR_Type_Declutter","type":"string"},
      {"name":"Start Date","type":"string","downcastedToStringFromMeaning":"LongMeaning"},
      {"name":"Area, acres","type":"bigint"},
      {"name":"Total Wells prod.","type":"bigint"},
      {"name":"Total Wells Inj.","type":"bigint"},
      {"name":"Pay zone","type":"string"},
      {"name":"Formation","type":"string"},
      {"name":"Porosity","type":"double"},
      {"name":"Permeabiliy, mD","type":"bigint"},
      {"name":"Depth, ft","type":"bigint"},
      {"name":"Oil Gravity, API","type":"double"},
      {"name":"Oil Viscosity, cP","type":"double"},
      {"name":"Temperature, F","type":"bigint"},
      {"name":"Total Prod, b/d","type":"bigint"},
      {"name":"Enhanced Prod. b/d","type":"bigint"},
      {"name":"col_19","type":"string"},
      {"name":"col_20","type":"string"},
      {"name":"col_21","type":"string"},
      {"name":"col_22","type":"string"},
      {"name":"col_23","type":"string"},
      {"name":"col_24","type":"string"},
      {"name":"col_25","type":"string"}
    ],
    "userModified": false
  },
  "trainPath": "train.csv.gz",
  "testPath": "test.csv.gz",
  "trainRows": 162,
  "testRows": 38,
  "fullRows": 0
}