{
    "per_feature": {
        "country": {
            "stats": {
                "mostFrequentValue": "United States of America",
                "leastFrequentValue": "Vietnam"
            },
            "category_possible_values": [
                "United States of America",
                "United Kingdom",
                "Spain",
                "Canada",
                "Australia",
                "Norway",
                "Indonesia",
                "South Africa",
                "Brazil",
                "Italy",
                "Romania",
                "Poland",
                "Japan",
                "Denmark",
                "Kazakhstan",
                "Mozambique",
                "Algeria",
                "France",
                "Sweden",
                "Croatia",
                "Bulgaria",
                "Greece",
                "Malaysia",
                "China",
                "Netherlands",
                "South Korea",
                "Czechia ",
                "United Arab Emirates",
                "Czechia",
                "Austria",
                "Germany",
                "Morocco",
                "Israel",
                "Ireland",
                "Slovakia",
                "Saudi Arabia",
                "Sri Lanka",
                "Pakistan",
                "Vietnam"
            ],
            "category_possible_counts": [
                102,
                82,
                66,
                54,
                54,
                42,
                25,
                24,
                23,
                21,
                21,
                19,
                19,
                18,
                17,
                14,
                13,
                11,
                10,
                10,
                9,
                7,
                6,
                6,
                6,
                6,
                5,
                4,
                3,
                3,
                3,
                3,
                3,
                2,
                2,
                1,
                1,
                1,
                1
            ]
        },
        "permeability_md": {
            "stats": {
                "mostFrequentValue": "0",
                "leastFrequentValue": "900"
            },
            "category_possible_values": [
                "0",
                "300",
                "70",
                "1000",
                "400",
                "50",
                "100",
                "200",
                "10",
                "30",
                "500",
                "150",
                "700",
                "90",
                "40",
                "376",
                "60",
                "20",
                "1",
                "45",
                "4",
                "4500",
                "48",
                "5.39",
                "66",
                "580",
                "65",
                "682",
                "7",
                "7000",
                "760",
                "800",
                "83",
                "87",
                "88",
                "88.5",
                "392",
                "3",
                "36.69",
                "151.3",
                "0.14",
                "0.3",
                "0.5",
                "115",
                "120",
                "1300",
                "1350",
                "140",
                "1428",
                "147",
                "1500",
                "161",
                "3-1250",
                "17",
                "170",
                "2000",
                "2400",
                "245",
                "250",
                "2600",
                "271",
                "28",
                "284",
                "290",
                "900"
            ],
            "category_possible_counts": [
                159,
                49,
                32,
                12,
                9,
                8,
                7,
                7,
                6,
                5,
                5,
                5,
                3,
                3,
                2,
                2,
                2,
                2,
                2,
                1,
                1,
                1,
                1,
                1,
                1,
                1,
                1,
                1,
                1,
                1,
                1,
                1,
                1,
                1,
                1,
                1,
                1,
                1,
                1,
                1,
                1,
                1,
                1,
                1,
                1,
                1,
                1,
                1,
                1,
                1,
                1,
                1,
                1,
                1,
                1,
                1,
                1,
                1,
                1,
                1,
                1,
                1,
                1,
                1,
                1
            ]
        },
        "pressure_psig": {
            "stats": {
                "min": 0.0,
                "average": 8.672647601689642,
                "median": 0.0,
                "max": 300.0,
                "p99": 150.0,
                "std": 30.551808044035003
            },
            "missing_impute_with_value": 8.672647601689642
        },
        "inaccessible_subcommercial_low": {
            "stats": {}
        },
        "stored_low": {
            "stats": {
                "min": 0.0,
                "average": 0.016666666666666666,
                "median": 0.0,
                "max": 3.8,
                "p99": 0.0,
                "std": 0.25166114784235827
            },
            "missing_impute_with_value": 0.016666666666666666
        },
        "justified_for_development_low": {
            "stats": {
                "min": 0.0,
                "average": 0.4576131687242799,
                "median": 0.0,
                "max": 107.0,
                "p99": 0.0,
                "std": 6.86822646506093
            },
            "missing_impute_with_value": 0.4576131687242799
        },
        "development_pending_mid": {
            "stats": {}
        },
        "sequence_play_high": {
            "stats": {}
        },
        "type": {
            "stats": {
                "mostFrequentValue": "Saline",
                "leastFrequentValue": "Petroleum"
            },
            "category_possible_values": [
                "Saline",
                "Petroleum"
            ],
            "category_possible_counts": [
                469,
                248
            ]
        },
        "assessment": {
            "stats": {
                "mostFrequentValue": "Assessed",
                "leastFrequentValue": "The petrophysical properties stated are not provided in the publications but are extracted from the simulation file."
            },
            "category_possible_values": [
                "Assessed",
                "Not Assessed",
                "The petrophysical properties stated are not provided in the publications but are extracted from the simulation file."
            ],
            "category_possible_counts": [
                681,
                10,
                1
            ]
        },
        "sequence_play_mid": {
            "stats": {}
        },
        "storage_unit_type": {
            "stats": {}
        },
        "inaccessible_subcommercial_mid": {
            "stats": {}
        },
        "basin_play_low": {
            "stats": {}
        },
        "sum_mid": {
            "stats": {}
        },
        "p50_pore_volume_mmcum": {
            "stats": {}
        },
        "publication": {
            "stats": {}
        },
        "basin_play_mid": {
            "stats": {}
        },
        "stored_mid": {
            "stats": {
                "min": 0.0,
                "average": 0.20756962025316456,
                "median": 0.0,
                "max": 19.0,
                "p99": 7.891999999999996,
                "std": 1.5423601632920954
            },
            "missing_impute_with_value": 0.20756962025316456
        },
        "justified_for_development_mid": {
            "stats": {
                "min": 0.0,
                "average": 3.94672131147541,
                "median": 0.0,
                "max": 400.0,
                "p99": 117.0999999999998,
                "std": 29.938778916868394
            },
            "missing_impute_with_value": 3.94672131147541
        },
        "longitude": {
            "stats": {
                "min": -156.37472222222223,
                "average": 4.809744130636911,
                "median": 2.968888888888889,
                "max": 153.08194444444445,
                "p99": 149.53861111111112,
                "std": 72.64852348164419
            },
            "missing_impute_with_value": 4.809744130636911
        },
        "basin_play_high": {
            "stats": {}
        },
        "area": {
            "stats": {
                "mostFrequentValue": "North Sea",
                "leastFrequentValue": "New York"
            },
            "category_possible_values": [
                "North Sea",
                "Offshore",
                "Onshore",
                "Alberta",
                "Cantabrian Chain and Douro Basin",
                "Queensland",
                "Polish Lowland",
                "Ib\u00e9rica Chain and Southern Subplateau",
                "Southwest Algeria ",
                "Barents Sea",
                "Beticas Chain and Guadalquivir Basin",
                "East Irish Sea",
                "Pyrenees and Ebro Basin",
                "South Sumatra",
                "Durban and Zululand Offshore Basins",
                "British Columbia",
                "Paris Basin",
                "NW Adriatic Sea",
                "Saskatchewan",
                "Outeniqua offshore",
                "Manitoba",
                "Precaspian Basin",
                "Dugi Otok Basin",
                "Montana",
                "South West Scania",
                "Norwegian Sea",
                "Moesian Platform",
                "West Java",
                "Padana Plain",
                "Illinois",
                "Aquitaine Basin",
                "Victoria",
                "Alabama",
                "East of peninsular Malaysia",
                "Not Specified",
                "South East Baltic",
                "Abu Dhabi",
                "Michigan",
                "Drava Depression",
                "Kansas",
                "Western Australia ",
                "Lombardia",
                "California",
                "Southern Israel",
                "Thessaloniki Basin",
                "Nebraska",
                "Mangyshlak Basin",
                "Wyoming",
                "South Sumatera ",
                "North Dakota",
                "Bohemian Basins",
                "Northern Territories: Offshore",
                "North Sumatra",
                "Wisconsin",
                "Nagasaki",
                "North Carolina",
                "New Jersey",
                "Tianjin Municipality, Dagang Oilfield Complex",
                "Oklahoma",
                "Orange Basin",
                "Pennsylvania",
                "Vienna",
                "Vardar - Balkans",
                "Quebec",
                "Utah",
                "Rhode Island",
                "Ustyurt Basin",
                "US Federal Onshore",
                "South Dakota",
                "US Federal Offshore",
                "South Torgay Basin",
                "Southern Italy",
                "Texas",
                "Vienna Basin",
                "New Mexico",
                "Hawaii",
                "Maine",
                "Alaska",
                "Banska Bystrica",
                "Carpathian Foredeep",
                "Cha-Sarysu Basin",
                "Colorado",
                "Connecticut",
                "Delaware",
                "District of Columbia",
                "Georgia",
                "Missouri",
                "Hokkaido",
                "Indian Subcontinent",
                "Indiana",
                "Zaysan Basin",
                "Minnesota",
                "Maryland",
                "Massachusetts",
                "Mesohellenic Trough ",
                "Mississippi",
                "Marista",
                "Central Sumatera",
                "Central Arabian Platform",
                "Tennessee"
            ],
            "category_possible_counts": [
                112,
                46,
                41,
                29,
                25,
                22,
                19,
                17,
                13,
                11,
                11,
                11,
                10,
                9,
                8,
                8,
                7,
                7,
                7,
                6,
                6,
                6,
                6,
                6,
                5,
                5,
                4,
                4,
                4,
                4,
                4,
                4,
                4,
                4,
                4,
                4,
                4,
                4,
                3,
                3,
                3,
                3,
                3,
                3,
                3,
                3,
                3,
                3,
                3,
                3,
                3,
                2,
                2,
                2,
                2,
                2,
                2,
                2,
                2,
                2,
                2,
                2,
                2,
                2,
                2,
                2,
                2,
                2,
                2,
                2,
                2,
                2,
                2,
                2,
                2,
                2,
                2,
                2,
                2,
                2,
                2,
                2,
                2,
                2,
                2,
                2,
                2,
                2,
                2,
                2,
                2,
                2,
                2,
                2,
                2,
                2,
                1,
                1,
                1,
                1
            ]
        },
        "sum_low": {
            "stats": {}
        },
        "project_spec": {
            "stats": {}
        },
        "on_injection_mid": {
            "stats": {
                "min": 0.0,
                "average": 0.6347764227642277,
                "median": 0.0,
                "max": 111.0,
                "p99": 13.29000000000009,
                "std": 7.272427524057277
            },
            "missing_impute_with_value": 0.6347764227642277
        },
        "lead_high": {
            "stats": {}
        },
        "on_injection_low": {
            "stats": {}
        },
        "development_on_hold_low": {
            "stats": {}
        },
        "basin": {
            "stats": {
                "mostFrequentValue": "Southern North Sea - Anglo-Dutch",
                "leastFrequentValue": "Piaui - Ceara"
            },
            "category_possible_values": [
                "Southern North Sea - Anglo-Dutch",
                "West Canadian - Alberta",
                "Mozambique",
                "Williston",
                "Central European",
                "Northern North Sea",
                "Central Graben",
                "Duero",
                "Southern Carpathians",
                "Campos",
                "Japan",
                "Gourara",
                "Iberian Range",
                "South Sumatra",
                "Northwest German",
                "Outeniqua",
                "East Irish Sea",
                "West Barents Sea",
                "Bowen - Surat",
                "Madrid",
                "Eromanga",
                "Northern Apennines",
                "Northern North Sea ",
                "Po ",
                "Paris",
                "Adriatic - Dinaric",
                "Illinois",
                "Pannonian",
                "Perth",
                "Precaspian",
                "Betic Cordillera",
                "Malay",
                "Michigan",
                "Skagerrak - Kattegat",
                "Anadarko - Hugoton",
                "Voring",
                "Gippsland",
                "Moesian Platform",
                "Guadalquivir",
                "Cantabrian",
                "Southwest African Coastal",
                "Aquitaine",
                "Moray Firth",
                "Otway",
                "Northern Aegean",
                "Baltic",
                "Galilee - Drummond",
                "Ebro",
                "Rub al Khali",
                "Northwest Java",
                "Ionian Sea",
                "Mangyshlak - Ustyurt",
                "Sinai - Levant",
                "South Pyrenean",
                "Valencia Trough",
                "Transylvanian",
                "North China",
                "Vardar - Balkans",
                "Pelagian",
                "Northeast Gulf Salt",
                "Northern Carpathians",
                "Quebec",
                "Vienna",
                "Southern Apennines",
                "Turgay",
                "Zaysan",
                "North Ustyurt",
                "Bass",
                "North Sumatra - Mergui",
                "Clare  ",
                "Chu Sarysu",
                "Canning",
                "Burgas",
                "Browse",
                "Bonaparte",
                "East Shetland Platform",
                "Kutei",
                "Kanto",
                "Junggar",
                "Bahia Sul",
                "West Shetland",
                "Akita",
                "South Carnarvon",
                "Widyan - North Arabian Gulf",
                "Central Sumatra",
                "Toyama",
                "Barito",
                "Alboran Sea",
                "Tucano",
                "Black Warrior",
                "Tyrrhenian Sea - Tuscany",
                "Clarence - Moreton",
                "Bintuni",
                "Arkoma",
                "Solimoes",
                "Sarawak - Luconia - East Natuna",
                "Darling",
                "Sergipe - Alagoas",
                "North Carnarvon",
                "Los Angeles"
            ],
            "category_possible_counts": [
                57,
                39,
                23,
                22,
                22,
                21,
                17,
                16,
                16,
                15,
                15,
                13,
                13,
                12,
                12,
                11,
                11,
                10,
                10,
                9,
                9,
                8,
                8,
                8,
                7,
                7,
                6,
                6,
                6,
                6,
                6,
                6,
                6,
                6,
                6,
                6,
                5,
                5,
                5,
                5,
                4,
                4,
                4,
                4,
                4,
                4,
                4,
                4,
                4,
                3,
                3,
                3,
                3,
                3,
                3,
                3,
                3,
                3,
                2,
                2,
                2,
                2,
                2,
                2,
                2,
                2,
                2,
                2,
                2,
                2,
                2,
                2,
                2,
                2,
                2,
                2,
                2,
                2,
                2,
                1,
                1,
                1,
                1,
                1,
                1,
                1,
                1,
                1,
                1,
                1,
                1,
                1,
                1,
                1,
                1,
                1,
                1,
                1,
                1,
                1
            ]
        },
        "development_unclarified_high": {
            "stats": {}
        },
        "co2_density": {
            "stats": {
                "min": 0.0,
                "average": 292.03657216494844,
                "median": 0.69,
                "max": 970.0,
                "p99": 922.5999999999999,
                "std": 343.9017205606059
            },
            "missing_impute_with_value": 292.03657216494844
        },
        "development_unclarified_mid": {
            "stats": {}
        },
        "site_name": {
            "stats": {}
        },
        "well_density": {
            "stats": {
                "min": 0.0,
                "average": 0.08699259708109301,
                "median": 0.0002666666666666667,
                "max": 9.0,
                "p99": 1.8123404255319078,
                "std": 0.5764635105866858
            },
            "missing_impute_with_value": 0.08699259708109301
        },
        "undiscovered_inaccessible_low": {
            "stats": {}
        },
        "thickness_m": {
            "stats": {
                "min": 0.0,
                "average": 178.70641646489105,
                "median": 60.0,
                "max": 3000.0,
                "p99": 1700.0,
                "std": 342.8152401050632
            },
            "missing_impute_with_value": 178.70641646489105
        },
        "prospect_high": {
            "stats": {}
        },
        "discovery_status": {
            "stats": {}
        },
        "site_area_km2": {
            "stats": {
                "min": 0.0,
                "average": 30056.858395744675,
                "median": 120.42,
                "max": 1542056.0,
                "p99": 652399.72,
                "std": 131020.0008480078
            },
            "missing_impute_with_value": 30056.858395744675
        },
        "region": {
            "stats": {
                "mostFrequentValue": "Europe",
                "leastFrequentValue": "Middle East & North Africa"
            },
            "category_possible_values": [
                "Europe",
                "Americas",
                "Asia",
                "Oceania",
                "Sub-Saharan Africa",
                "Africa",
                "Middle East & North Africa"
            ],
            "category_possible_counts": [
                340,
                179,
                85,
                54,
                38,
                16,
                5
            ]
        },
        "rocktype": {
            "stats": {
                "mostFrequentValue": "Clastic",
                "leastFrequentValue": "Carbonate"
            },
            "category_possible_values": [
                "Clastic",
                "Carbonate"
            ],
            "category_possible_counts": [
                451,
                266
            ]
        },
        "unit_designation": {
            "stats": {
                "mostFrequentValue": "Saline Aquifer",
                "leastFrequentValue": "Gasfield closed"
            },
            "category_possible_values": [
                "Saline Aquifer",
                "Oil & Gas Fields",
                "Oilfield",
                "Gas field closed by 2030",
                "Gasfield",
                "Gas field",
                "Oilfield closed by 2030",
                "Gasfield closed by 2030",
                "Hydrocarbon unspecified",
                "Saline aquifer",
                "oil & Gas Fields",
                "Abandoned Oil & Gas Fields ",
                "Oil & Gas Fields closed by 2030",
                "Gas field closed by 2050",
                "Gasfield closed by 2050",
                "Gasfield closed by 2031",
                "Gasfield closed"
            ],
            "category_possible_counts": [
                468,
                82,
                36,
                32,
                21,
                18,
                16,
                14,
                12,
                5,
                3,
                2,
                2,
                2,
                2,
                1,
                1
            ]
        },
        "development_pending_low": {
            "stats": {}
        },
        "development_on_hold_mid": {
            "stats": {}
        },
        "undiscovered_inaccessible_mid": {
            "stats": {}
        },
        "date_of_assessment": {
            "stats": {}
        },
        "pre_injection_pressure": {
            "stats": {
                "mostFrequentValue": "0",
                "leastFrequentValue": "Hydrostatic pressure (11.3 kPa/m)"
            },
            "category_possible_values": [
                "0",
                "20.97",
                "21.4",
                "0.067568648",
                "0.235111316",
                "1.42032056",
                "140",
                "17.5",
                "8.95",
                "92.7",
                "Hydrostatic pressure (11.3 kPa/m)"
            ],
            "category_possible_counts": [
                476,
                2,
                2,
                1,
                1,
                1,
                1,
                1,
                1,
                1,
                1
            ]
        },
        "development_not_viable_mid": {
            "stats": {}
        },
        "code": {
            "stats": {}
        },
        "total_low": {
            "stats": {}
        },
        "flowtest": {
            "stats": {
                "mostFrequentValue": "false",
                "leastFrequentValue": "true"
            },
            "category_possible_values": [
                "false",
                "true"
            ],
            "category_possible_counts": [
                547,
                134
            ]
        },
        "latitude": {
            "stats": {
                "min": -40.11888888888889,
                "average": 33.1840934571517,
                "median": 43.10055555555556,
                "max": 72.33333333333333,
                "p99": 71.14000000000001,
                "std": 29.00760018380045
            },
            "missing_impute_with_value": 33.1840934571517
        },
        "frac_pressure": {
            "stats": {
                "mostFrequentValue": "0",
                "leastFrequentValue": "Variable with depth, estimated at 50% over initial pressure."
            },
            "category_possible_values": [
                "0",
                "49.001059319999996",
                "60.99794172",
                "54",
                "32.59842528",
                "3.024731212",
                "264",
                "2.5510612",
                "2.48900836",
                "2.2063232",
                "16.63016112",
                "14.996103",
                "1.93742756",
                "1.56511052",
                "1.551321",
                "1.24795156",
                "1.034214",
                "0.92389784",
                "0.44471202",
                "0.12755306",
                "Variable with depth, estimated at 50% over initial pressure."
            ],
            "category_possible_counts": [
                461,
                2,
                1,
                1,
                1,
                1,
                1,
                1,
                1,
                1,
                1,
                1,
                1,
                1,
                1,
                1,
                1,
                1,
                1,
                1,
                1
            ]
        },
        "inaccessible_subcommercial_high": {
            "stats": {}
        },
        "formation": {
            "stats": {
                "mostFrequentValue": "Undifferentiated",
                "leastFrequentValue": "lower Kirkwood, upper Sundays River"
            },
            "category_possible_values": [
                "Undifferentiated",
                "Unknown",
                "Unspecified",
                "Leman Sandstone",
                "Buntsandstein",
                "Bunter Sandstone",
                "Tortonian",
                "Ormskirk Sandstone",
                "Utrillas",
                "Bunter Sandstone Formation",
                "J1",
                "Cr1",
                "T3",
                "Forties Sandstone",
                "Carapebus Member",
                "Late Cretaceous",
                "Basal Sand",
                "Muschelkalk - Buntsandstein",
                "Wabamun",
                "Sognefjord Fm",
                "Westphalian Sandstones",
                "Lias",
                "Domo Sands",
                "Talang Akar, Baturaja, & Lahat Formation",
                "Dogger",
                "Lower Grudja Formation",
                "Showgrounds Sandstone",
                "Messinian",
                "Dongara Sandstone",
                "Keuper",
                "File Haidar",
                "Not specified",
                "Ivani\u0107, Klo\u0161tar Ivani\u0107, Vinkovci Formations ",
                "Muschelkalk",
                "Scaglia, Calcareous member",
                "Duperow Formation",
                "Burdigalian",
                "Bryne and Sandnes Formations",
                "Brent Group",
                "Unspecified: Eocene foraminiferal limestone and Upper Cretaceous rudist limestone",
                "Sto Formation",
                "Bundsandstein ",
                "St Peters Sandstone",
                "Upper Grudja Formation",
                "Slave Point",
                "Krossfjord, Fensfjord and Sognefjord Formations",
                "Macae Formation",
                "Dinantian limestone ",
                "Sena Formation",
                "Upper Cretaceous",
                "KS: Tranquera, Somolinos, Cuenca & Santa Barbara and KM: Chera, Ciudad encantada & Alarcon",
                "Precipice sandstone",
                "Johansen and Cook Formations",
                "Bartonian",
                "Nisku",
                "Halibut ",
                "Unspecified: Rudist Limestone",
                "Mey Sandstone",
                "Callovian",
                "Carassai Member",
                "Manuel's Sandstone",
                "Captain Sandstone",
                "Lower Amaranth",
                "Talang Akar Fm, Batu Raja Fm, Upper Cibulakan Group",
                "Lias -Dogger",
                "Deadwood & Black Island Formations",
                "Coniancian",
                "Clematis Sandstone/ Rewan Fm",
                "Tithonian",
                "Mt. Simon Sandstone",
                "Multiple geo intervals (pre-salt Permian Rotliegendes, post-salt Triassic Buntsandstein and Cretaceous Holland Greensand)",
                "Magnus Sandstone",
                "Winnipegosis-Frobisher-Midale",
                "Utsira Fm",
                "Macae Formation, Lagoa Feia Formation",
                "Upper Rotliegends",
                "Neogene - Miocene",
                "Niagaran Reef Trend",
                "Zanclean",
                "Upper Morrow Formation",
                "Upper Slochteren Member (Rotliegend)",
                "Utsira Formation",
                "Moebetsu Formation",
                "Maha Formation",
                "Mission Canyon",
                "Majiagou, Benxi, Taiyuan, Shanxi, Shihezi, Shiqianfeng, Liujiagou and Heshanggou Formations",
                "Miocene and Pliocene (un-differentiated)",
                "Miocene Delta Sst",
                "Minnelusa Formation",
                "Malm & Dogger",
                "Minghuazhen-Guantao-Shahejie Formation",
                "Middle Aquifer",
                "Mano Formation",
                "Utsira and Skade Formations",
                "Yamin",
                "Wyandra Sandstone",
                "Oligocene Sst",
                "Turner Valley Fm / Shunda Fm",
                "Osaka Group",
                "Umm Er Radhuma"
            ],
            "category_possible_counts": [
                115,
                54,
                41,
                24,
                19,
                18,
                12,
                11,
                9,
                9,
                8,
                6,
                5,
                5,
                5,
                5,
                5,
                4,
                4,
                4,
                4,
                4,
                4,
                3,
                3,
                3,
                3,
                3,
                3,
                3,
                3,
                3,
                3,
                3,
                3,
                3,
                3,
                3,
                3,
                2,
                2,
                2,
                2,
                2,
                2,
                2,
                2,
                2,
                2,
                2,
                2,
                2,
                2,
                2,
                2,
                2,
                2,
                2,
                2,
                2,
                2,
                2,
                2,
                2,
                2,
                2,
                2,
                2,
                2,
                1,
                1,
                1,
                1,
                1,
                1,
                1,
                1,
                1,
                1,
                1,
                1,
                1,
                1,
                1,
                1,
                1,
                1,
                1,
                1,
                1,
                1,
                1,
                1,
                1,
                1,
                1,
                1,
                1,
                1,
                1
            ]
        },
        "development_plan": {
            "stats": {}
        },
        "development_pending_high": {
            "stats": {}
        },
        "development_on_hold_high": {
            "stats": {}
        },
        "total_mid": {
            "stats": {}
        },
        "prop_considered_discovered": {
            "stats": {
                "min": 0.0,
                "average": 0.6685392809660454,
                "median": 1.0,
                "max": 1.0,
                "p99": 1.0,
                "std": 0.4545425527251184
            },
            "missing_impute_with_value": 0.6685392809660454
        },
        "total_high": {
            "stats": {}
        },
        "single_well_discovery_area": {
            "stats": {
                "min": 20.0,
                "average": 183.21377331420373,
                "median": 200.0,
                "max": 200.0,
                "p99": 200.0,
                "std": 52.380147098144505
            },
            "missing_impute_with_value": 183.21377331420373
        },
        "development_not_viable_low": {
            "stats": {}
        },
        "well_count": {
            "stats": {
                "min": 0.0,
                "average": 165.12301587301587,
                "median": 0.0,
                "max": 8305.0,
                "p99": 8305.0,
                "std": 1111.3672685089052
            },
            "missing_impute_with_value": 165.12301587301587
        },
        "development_unclarified_low": {
            "stats": {}
        },
        "sum_high": {
            "stats": {}
        },
        "storage_efficiency": {
            "stats": {}
        },
        "year_of_publication": {
            "stats": {}
        },
        "prospect_low": {
            "stats": {}
        },
        "ntg": {
            "stats": {
                "min": 0.0,
                "average": 16.74472789115646,
                "median": 0.0,
                "max": 100.0,
                "p99": 97.07,
                "std": 29.219582026724577
            },
            "missing_impute_with_value": 16.74472789115646
        },
        "source_of_storage_efficiency_factor": {
            "stats": {}
        },
        "approved_for_development_high": {
            "stats": {}
        },
        "stored_high": {
            "stats": {}
        },
        "porosity": {
            "stats": {
                "min": 0.0,
                "average": 10.861641949152546,
                "median": 11.0,
                "max": 50.0,
                "p99": 33.51500000000007,
                "std": 9.517202126203802
            },
            "missing_impute_with_value": 10.861641949152546
        },
        "approved_for_development_low": {
            "stats": {}
        },
        "undiscovered_inaccessible_high": {
            "stats": {}
        },
        "pore_compressibility": {
            "stats": {
                "mostFrequentValue": "0",
                "leastFrequentValue": "5.6427E-6"
            },
            "category_possible_values": [
                "0",
                "2",
                "7.0E-5",
                "0.02",
                "1",
                "1.0E-4",
                "1.2E-4",
                "10",
                "5.4E-5 bar-1",
                "5.6427E-6"
            ],
            "category_possible_counts": [
                229,
                4,
                4,
                1,
                1,
                1,
                1,
                1,
                1,
                1
            ]
        },
        "source_of_analogue": {
            "stats": {}
        },
        "prospect_mid": {
            "stats": {}
        },
        "on_injection_high": {
            "stats": {}
        },
        "justified_for_development_high": {
            "stats": {
                "min": 0.0,
                "average": 2.674897119341564,
                "median": 0.0,
                "max": 500.0,
                "p99": 0.0,
                "std": 33.44919157211759
            },
            "missing_impute_with_value": 2.674897119341564
        },
        "lead_mid": {
            "stats": {}
        },
        "assessment_notes": {
            "stats": {}
        },
        "sequence_play_low": {
            "stats": {}
        },
        "brine_salinity": {
            "stats": {
                "mostFrequentValue": "0",
                "leastFrequentValue": "94000"
            },
            "category_possible_values": [
                "0",
                "15000",
                "100000",
                "32000",
                "10",
                "150000",
                "15",
                "29000",
                "19000",
                "40000",
                "14000",
                "30000",
                "6",
                "60000",
                "39000",
                "310000",
                "90000",
                "80",
                "77000",
                "328000",
                "34",
                "3400",
                "53000",
                "50000",
                "70000",
                "4500",
                "67000",
                "300000",
                "45000",
                "5000",
                "72000",
                "26",
                "30",
                "110000",
                "0.126",
                "0.13",
                "0.149",
                "0.153",
                "100",
                "10000",
                "106000",
                "108500",
                "112000",
                "27500",
                "120137",
                "130",
                "16000",
                "19-90000ppm",
                "197000",
                "2",
                "200000",
                "250",
                "94000"
            ],
            "category_possible_counts": [
                197,
                42,
                8,
                3,
                3,
                3,
                2,
                2,
                2,
                2,
                2,
                2,
                2,
                2,
                1,
                1,
                1,
                1,
                1,
                1,
                1,
                1,
                1,
                1,
                1,
                1,
                1,
                1,
                1,
                1,
                1,
                1,
                1,
                1,
                1,
                1,
                1,
                1,
                1,
                1,
                1,
                1,
                1,
                1,
                1,
                1,
                1,
                1,
                1,
                1,
                1,
                1,
                1
            ]
        },
        "approved_for_development_mid": {
            "stats": {
                "min": 0.0,
                "average": 1.5020408163265306,
                "median": 0.0,
                "max": 310.0,
                "p99": 5.600000000000023,
                "std": 20.035956303564014
            },
            "missing_impute_with_value": 1.5020408163265306
        },
        "development_not_viable_high": {
            "stats": {}
        },
        "depth": {
            "stats": {
                "mostFrequentValue": "0",
                "leastFrequentValue": "983.7"
            },
            "category_possible_values": [
                "0",
                "1000",
                "1500",
                "800",
                "1700",
                "1100",
                "3000",
                "1200",
                "1400",
                "2300",
                "1720",
                "1250",
                "1600",
                "2100",
                "2400",
                "2250",
                "1800",
                "1900",
                "2200",
                "2500",
                "1300",
                "900",
                "830",
                "3200",
                "2000",
                "2550",
                "2750",
                "950",
                "1750",
                "1494",
                "3048",
                "2080",
                "850",
                "5000",
                "3540",
                "2900",
                "1450",
                "2190",
                "1040",
                "1350",
                "1050",
                "1165",
                "1020",
                "1170",
                "3100",
                "3012",
                "1088",
                "3054",
                "1360",
                "1090",
                "3190.25",
                "1080",
                "3275",
                "3300",
                "3320",
                "3437",
                "3498",
                "3132",
                "2990",
                "37",
                "2932",
                "1095",
                "2895",
                "2850",
                "2825",
                "2805",
                "1112",
                "2735",
                "2725",
                "2700",
                "2651",
                "2650",
                "2641.8",
                "2600",
                "1075",
                "1068",
                "3788",
                "852\u20131125",
                "976",
                "975",
                "970",
                "965",
                "1013",
                "946",
                "939",
                "936",
                "921",
                "914",
                "908",
                "890",
                "870",
                "865",
                "845",
                "480",
                "826\u20131863",
                "823",
                "817",
                "810",
                "805\u20131288",
                "1066"
            ],
            "category_possible_counts": [
                123,
                19,
                16,
                11,
                8,
                8,
                6,
                6,
                6,
                6,
                5,
                5,
                5,
                5,
                5,
                4,
                4,
                4,
                4,
                4,
                3,
                3,
                3,
                3,
                3,
                3,
                3,
                3,
                3,
                2,
                2,
                2,
                2,
                2,
                2,
                2,
                2,
                2,
                2,
                2,
                2,
                2,
                2,
                2,
                1,
                1,
                1,
                1,
                1,
                1,
                1,
                1,
                1,
                1,
                1,
                1,
                1,
                1,
                1,
                1,
                1,
                1,
                1,
                1,
                1,
                1,
                1,
                1,
                1,
                1,
                1,
                1,
                1,
                1,
                1,
                1,
                1,
                1,
                1,
                1,
                1,
                1,
                1,
                1,
                1,
                1,
                1,
                1,
                1,
                1,
                1,
                1,
                1,
                1,
                1,
                1,
                1,
                1,
                1,
                1
            ]
        },
        "lead_low": {
            "stats": {}
        },
        "project_history": {
            "stats": {}
        },
        "age": {
            "stats": {
                "mostFrequentValue": "Unknown",
                "leastFrequentValue": "Late Cretaceous"
            },
            "category_possible_values": [
                "Unknown",
                "Lower Triassic",
                "Cretaceous",
                "Triassic",
                "Lower Permian",
                "Jurassic",
                "Lower Jurassic",
                "Upper Devonian",
                "Neogene - Miocene",
                "Upper Cretaceous",
                "Lower Cretaceous",
                "Cambro\u2013Ordovician and Devonian ",
                "Neogene",
                "Cambrian",
                "Palaeocene",
                "Early Cretaceous",
                "Lower Carboniferous",
                "Eocene",
                "Late Triassic",
                "Early Jurassic",
                "Mid Devonian",
                "Miocene",
                "Mid Jurassic",
                "Permian",
                "Middle Triassic",
                "Middle Jurassic",
                "Upper Carboniferous",
                "Upper Jurassic",
                "Jurassic - Cretaceous",
                "Late Jurassic",
                "Pleistocene- Middle Miocene",
                "Early Triassic",
                "Paleogene - Eocene",
                "Permian - Lopingian",
                "Pliocene",
                "Top Permian",
                "Mid Triassic",
                "Upper Jurassic - Lower Cretaceous",
                " Triassic",
                "Upper Triassic",
                "Carboniferous - Mississippian",
                "Eocene - Miocene",
                "Lower Cambrian",
                "Cenozoic",
                "Mid Cretaceous",
                "Quaternary",
                "Plio-Pleistocene",
                "Jurassic ",
                "Late Carboniferous - Triassic",
                "Messinian",
                "Triassic - Cretaceous",
                "Late Cretaceous ",
                "Paleogene",
                "Cenomanian - Santonian",
                "Tertiary",
                "Silurian",
                "Ordovician",
                "Late Oligocene - Miocene",
                "Mesozoic",
                "Maastrichtian - Middle Eocene",
                "Upper Permian",
                "Oligocene",
                "Carboniferous",
                "Late Oligocene",
                "Late Jurasic",
                "Neogene - Pliocene",
                "Devonian",
                "Changhsingian",
                "Upper Miocene",
                "Triasic",
                "Early Jurassic to Late Jurassic",
                "Upper Ordovician",
                "Carboniferous - Pennsylvanian",
                "Permian - Guadalupian",
                "Pleistocene",
                "Permian - Lopingian to Early Triassic",
                "Late Cretaceous",
                "Pennsylvanian",
                "Paleogene - Paleocene",
                "Paleogene - Oligocene",
                "Paleocene",
                "Palaeogene",
                "Late Cretaceous to Eocene",
                "Middle to late Miocene",
                "Late Permian",
                "Middle Cambrian",
                "Lower Devonian",
                "Mid Ordovician to Lower Triassic"
            ],
            "category_possible_counts": [
                60,
                38,
                32,
                32,
                23,
                21,
                19,
                18,
                18,
                17,
                17,
                12,
                12,
                11,
                11,
                10,
                9,
                9,
                9,
                8,
                7,
                6,
                6,
                5,
                5,
                5,
                5,
                5,
                5,
                4,
                4,
                4,
                3,
                3,
                3,
                3,
                3,
                3,
                3,
                3,
                3,
                3,
                3,
                3,
                2,
                2,
                2,
                2,
                2,
                2,
                2,
                2,
                2,
                2,
                2,
                2,
                2,
                2,
                2,
                2,
                2,
                2,
                2,
                2,
                2,
                2,
                1,
                1,
                1,
                1,
                1,
                1,
                1,
                1,
                1,
                1,
                1,
                1,
                1,
                1,
                1,
                1,
                1,
                1,
                1,
                1,
                1,
                1
            ]
        },
        "containment_summary": {
            "stats": {}
        }
    },
    "feature_order": [
        "country",
        "permeability_md",
        "pressure_psig",
        "inaccessible_subcommercial_low",
        "stored_low",
        "justified_for_development_low",
        "development_pending_mid",
        "sequence_play_high",
        "type",
        "assessment",
        "sequence_play_mid",
        "storage_unit_type",
        "inaccessible_subcommercial_mid",
        "basin_play_low",
        "sum_mid",
        "p50_pore_volume_mmcum",
        "publication",
        "basin_play_mid",
        "stored_mid",
        "justified_for_development_mid",
        "longitude",
        "basin_play_high",
        "area",
        "sum_low",
        "project_spec",
        "on_injection_mid",
        "lead_high",
        "on_injection_low",
        "development_on_hold_low",
        "basin",
        "development_unclarified_high",
        "co2_density",
        "development_unclarified_mid",
        "site_name",
        "well_density",
        "undiscovered_inaccessible_low",
        "thickness_m",
        "prospect_high",
        "discovery_status",
        "site_area_km2",
        "region",
        "rocktype",
        "unit_designation",
        "development_pending_low",
        "development_on_hold_mid",
        "undiscovered_inaccessible_mid",
        "date_of_assessment",
        "pre_injection_pressure",
        "development_not_viable_mid",
        "code",
        "total_low",
        "flowtest",
        "latitude",
        "frac_pressure",
        "inaccessible_subcommercial_high",
        "formation",
        "development_plan",
        "development_pending_high",
        "development_on_hold_high",
        "total_mid",
        "prop_considered_discovered",
        "total_high",
        "single_well_discovery_area",
        "development_not_viable_low",
        "well_count",
        "development_unclarified_low",
        "sum_high",
        "storage_efficiency",
        "year_of_publication",
        "prospect_low",
        "ntg",
        "source_of_storage_efficiency_factor",
        "approved_for_development_high",
        "stored_high",
        "porosity",
        "approved_for_development_low",
        "undiscovered_inaccessible_high",
        "pore_compressibility",
        "source_of_analogue",
        "prospect_mid",
        "on_injection_high",
        "justified_for_development_high",
        "lead_mid",
        "assessment_notes",
        "sequence_play_low",
        "brine_salinity",
        "approved_for_development_mid",
        "development_not_viable_high",
        "depth",
        "lead_low",
        "project_history",
        "age",
        "containment_summary"
    ]
}