{
  "trainedWithDSSVersion": "13.4.2",
  "backend": "PY_MEMORY",
  "isValid": true,
  "type": "BINARY_PROBABILISTIC",
  "algorithm_name": "FOREST_CLASSIFIER",
  "columns": [
    "pressure_psig",
    "stored_low",
    "justified_for_development_low",
    "stored_mid",
    "justified_for_development_mid",
    "longitude",
    "on_injection_mid",
    "co2_density",
    "well_density",
    "thickness_m",
    "site_area_km2",
    "latitude",
    "prop_considered_discovered",
    "single_well_discovery_area",
    "well_count",
    "ntg",
    "porosity",
    "justified_for_development_high",
    "approved_for_development_mid",
    "dummy:country:United States of America",
    "dummy:country:United Kingdom",
    "dummy:country:Spain",
    "dummy:country:Canada",
    "dummy:country:Australia",
    "dummy:country:Norway",
    "dummy:country:Indonesia",
    "dummy:country:South Africa",
    "dummy:country:Brazil",
    "dummy:country:Italy",
    "dummy:country:Romania",
    "dummy:country:Poland",
    "dummy:country:Japan",
    "dummy:country:Denmark",
    "dummy:country:Kazakhstan",
    "dummy:country:Mozambique",
    "dummy:country:Algeria",
    "dummy:country:France",
    "dummy:country:Sweden",
    "dummy:country:Croatia",
    "dummy:country:Bulgaria",
    "dummy:country:Greece",
    "dummy:country:Malaysia",
    "dummy:country:China",
    "dummy:country:Netherlands",
    "dummy:country:South Korea",
    "dummy:country:Czechia ",
    "dummy:country:United Arab Emirates",
    "dummy:country:Czechia",
    "dummy:country:Austria",
    "dummy:country:Germany",
    "dummy:country:Morocco",
    "dummy:country:Israel",
    "dummy:country:Ireland",
    "dummy:country:Slovakia",
    "dummy:country:Saudi Arabia",
    "dummy:country:Sri Lanka",
    "dummy:country:Pakistan",
    "dummy:country:Vietnam",
    "dummy:country:N/A",
    "dummy:country:__Others__",
    "dummy:permeability_md:0",
    "dummy:permeability_md:300",
    "dummy:permeability_md:70",
    "dummy:permeability_md:1000",
    "dummy:permeability_md:400",
    "dummy:permeability_md:50",
    "dummy:permeability_md:100",
    "dummy:permeability_md:200",
    "dummy:permeability_md:10",
    "dummy:permeability_md:30",
    "dummy:permeability_md:500",
    "dummy:permeability_md:150",
    "dummy:permeability_md:700",
    "dummy:permeability_md:90",
    "dummy:permeability_md:40",
    "dummy:permeability_md:376",
    "dummy:permeability_md:60",
    "dummy:permeability_md:20",
    "dummy:permeability_md:1",
    "dummy:permeability_md:45",
    "dummy:permeability_md:4",
    "dummy:permeability_md:4500",
    "dummy:permeability_md:48",
    "dummy:permeability_md:5.39",
    "dummy:permeability_md:66",
    "dummy:permeability_md:580",
    "dummy:permeability_md:65",
    "dummy:permeability_md:682",
    "dummy:permeability_md:7",
    "dummy:permeability_md:7000",
    "dummy:permeability_md:760",
    "dummy:permeability_md:800",
    "dummy:permeability_md:83",
    "dummy:permeability_md:87",
    "dummy:permeability_md:88",
    "dummy:permeability_md:88.5",
    "dummy:permeability_md:392",
    "dummy:permeability_md:3",
    "dummy:permeability_md:36.69",
    "dummy:permeability_md:151.3",
    "dummy:permeability_md:0.14",
    "dummy:permeability_md:0.3",
    "dummy:permeability_md:0.5",
    "dummy:permeability_md:115",
    "dummy:permeability_md:120",
    "dummy:permeability_md:1300",
    "dummy:permeability_md:1350",
    "dummy:permeability_md:140",
    "dummy:permeability_md:1428",
    "dummy:permeability_md:147",
    "dummy:permeability_md:1500",
    "dummy:permeability_md:161",
    "dummy:permeability_md:3-1250",
    "dummy:permeability_md:17",
    "dummy:permeability_md:170",
    "dummy:permeability_md:2000",
    "dummy:permeability_md:2400",
    "dummy:permeability_md:245",
    "dummy:permeability_md:250",
    "dummy:permeability_md:2600",
    "dummy:permeability_md:271",
    "dummy:permeability_md:28",
    "dummy:permeability_md:284",
    "dummy:permeability_md:290",
    "dummy:permeability_md:900",
    "dummy:permeability_md:N/A",
    "dummy:permeability_md:__Others__",
    "dummy:type:Saline",
    "dummy:type:Petroleum",
    "dummy:type:N/A",
    "dummy:type:__Others__",
    "dummy:assessment:Assessed",
    "dummy:assessment:Not Assessed",
    "dummy:assessment:The petrophysical properties stated are not provided in the publications but are extracted from the simulation file.",
    "dummy:assessment:N/A",
    "dummy:assessment:__Others__",
    "dummy:area:North Sea",
    "dummy:area:Offshore",
    "dummy:area:Onshore",
    "dummy:area:Alberta",
    "dummy:area:Cantabrian Chain and Douro Basin",
    "dummy:area:Queensland",
    "dummy:area:Polish Lowland",
    "dummy:area:Ibérica Chain and Southern Subplateau",
    "dummy:area:Southwest Algeria ",
    "dummy:area:Barents Sea",
    "dummy:area:Beticas Chain and Guadalquivir Basin",
    "dummy:area:East Irish Sea",
    "dummy:area:Pyrenees and Ebro Basin",
    "dummy:area:South Sumatra",
    "dummy:area:Durban and Zululand Offshore Basins",
    "dummy:area:British Columbia",
    "dummy:area:Paris Basin",
    "dummy:area:NW Adriatic Sea",
    "dummy:area:Saskatchewan",
    "dummy:area:Outeniqua offshore",
    "dummy:area:Manitoba",
    "dummy:area:Precaspian Basin",
    "dummy:area:Dugi Otok Basin",
    "dummy:area:Montana",
    "dummy:area:South West Scania",
    "dummy:area:Norwegian Sea",
    "dummy:area:Moesian Platform",
    "dummy:area:West Java",
    "dummy:area:Padana Plain",
    "dummy:area:Illinois",
    "dummy:area:Aquitaine Basin",
    "dummy:area:Victoria",
    "dummy:area:Alabama",
    "dummy:area:East of peninsular Malaysia",
    "dummy:area:Not Specified",
    "dummy:area:South East Baltic",
    "dummy:area:Abu Dhabi",
    "dummy:area:Michigan",
    "dummy:area:Drava Depression",
    "dummy:area:Kansas",
    "dummy:area:Western Australia ",
    "dummy:area:Lombardia",
    "dummy:area:California",
    "dummy:area:Southern Israel",
    "dummy:area:Thessaloniki Basin",
    "dummy:area:Nebraska",
    "dummy:area:Mangyshlak Basin",
    "dummy:area:Wyoming",
    "dummy:area:South Sumatera ",
    "dummy:area:North Dakota",
    "dummy:area:Bohemian Basins",
    "dummy:area:Northern Territories: Offshore",
    "dummy:area:North Sumatra",
    "dummy:area:Wisconsin",
    "dummy:area:Nagasaki",
    "dummy:area:North Carolina",
    "dummy:area:New Jersey",
    "dummy:area:Tianjin Municipality, Dagang Oilfield Complex",
    "dummy:area:Oklahoma",
    "dummy:area:Orange Basin",
    "dummy:area:Pennsylvania",
    "dummy:area:Vienna",
    "dummy:area:Vardar - Balkans",
    "dummy:area:Quebec",
    "dummy:area:Utah",
    "dummy:area:Rhode Island",
    "dummy:area:Ustyurt Basin",
    "dummy:area:US Federal Onshore",
    "dummy:area:South Dakota",
    "dummy:area:US Federal Offshore",
    "dummy:area:South Torgay Basin",
    "dummy:area:Southern Italy",
    "dummy:area:Texas",
    "dummy:area:Vienna Basin",
    "dummy:area:New Mexico",
    "dummy:area:Hawaii",
    "dummy:area:Maine",
    "dummy:area:Alaska",
    "dummy:area:Banska Bystrica",
    "dummy:area:Carpathian Foredeep",
    "dummy:area:Cha-Sarysu Basin",
    "dummy:area:Colorado",
    "dummy:area:Connecticut",
    "dummy:area:Delaware",
    "dummy:area:District of Columbia",
    "dummy:area:Georgia",
    "dummy:area:Missouri",
    "dummy:area:Hokkaido",
    "dummy:area:Indian Subcontinent",
    "dummy:area:Indiana",
    "dummy:area:Zaysan Basin",
    "dummy:area:Minnesota",
    "dummy:area:Maryland",
    "dummy:area:Massachusetts",
    "dummy:area:Mesohellenic Trough ",
    "dummy:area:Mississippi",
    "dummy:area:Marista",
    "dummy:area:Central Sumatera",
    "dummy:area:Central Arabian Platform",
    "dummy:area:Tennessee",
    "dummy:area:N/A",
    "dummy:area:__Others__",
    "dummy:basin:Southern North Sea - Anglo-Dutch",
    "dummy:basin:West Canadian - Alberta",
    "dummy:basin:Mozambique",
    "dummy:basin:Williston",
    "dummy:basin:Central European",
    "dummy:basin:Northern North Sea",
    "dummy:basin:Central Graben",
    "dummy:basin:Duero",
    "dummy:basin:Southern Carpathians",
    "dummy:basin:Campos",
    "dummy:basin:Japan",
    "dummy:basin:Gourara",
    "dummy:basin:Iberian Range",
    "dummy:basin:South Sumatra",
    "dummy:basin:Northwest German",
    "dummy:basin:Outeniqua",
    "dummy:basin:East Irish Sea",
    "dummy:basin:West Barents Sea",
    "dummy:basin:Bowen - Surat",
    "dummy:basin:Madrid",
    "dummy:basin:Eromanga",
    "dummy:basin:Northern Apennines",
    "dummy:basin:Northern North Sea ",
    "dummy:basin:Po ",
    "dummy:basin:Paris",
    "dummy:basin:Adriatic - Dinaric",
    "dummy:basin:Illinois",
    "dummy:basin:Pannonian",
    "dummy:basin:Perth",
    "dummy:basin:Precaspian",
    "dummy:basin:Betic Cordillera",
    "dummy:basin:Malay",
    "dummy:basin:Michigan",
    "dummy:basin:Skagerrak - Kattegat",
    "dummy:basin:Anadarko - Hugoton",
    "dummy:basin:Voring",
    "dummy:basin:Gippsland",
    "dummy:basin:Moesian Platform",
    "dummy:basin:Guadalquivir",
    "dummy:basin:Cantabrian",
    "dummy:basin:Southwest African Coastal",
    "dummy:basin:Aquitaine",
    "dummy:basin:Moray Firth",
    "dummy:basin:Otway",
    "dummy:basin:Northern Aegean",
    "dummy:basin:Baltic",
    "dummy:basin:Galilee - Drummond",
    "dummy:basin:Ebro",
    "dummy:basin:Rub al Khali",
    "dummy:basin:Northwest Java",
    "dummy:basin:Ionian Sea",
    "dummy:basin:Mangyshlak - Ustyurt",
    "dummy:basin:Sinai - Levant",
    "dummy:basin:South Pyrenean",
    "dummy:basin:Valencia Trough",
    "dummy:basin:Transylvanian",
    "dummy:basin:North China",
    "dummy:basin:Vardar - Balkans",
    "dummy:basin:Pelagian",
    "dummy:basin:Northeast Gulf Salt",
    "dummy:basin:Northern Carpathians",
    "dummy:basin:Quebec",
    "dummy:basin:Vienna",
    "dummy:basin:Southern Apennines",
    "dummy:basin:Turgay",
    "dummy:basin:Zaysan",
    "dummy:basin:North Ustyurt",
    "dummy:basin:Bass",
    "dummy:basin:North Sumatra - Mergui",
    "dummy:basin:Clare  ",
    "dummy:basin:Chu Sarysu",
    "dummy:basin:Canning",
    "dummy:basin:Burgas",
    "dummy:basin:Browse",
    "dummy:basin:Bonaparte",
    "dummy:basin:East Shetland Platform",
    "dummy:basin:Kutei",
    "dummy:basin:Kanto",
    "dummy:basin:Junggar",
    "dummy:basin:Bahia Sul",
    "dummy:basin:West Shetland",
    "dummy:basin:Akita",
    "dummy:basin:South Carnarvon",
    "dummy:basin:Widyan - North Arabian Gulf",
    "dummy:basin:Central Sumatra",
    "dummy:basin:Toyama",
    "dummy:basin:Barito",
    "dummy:basin:Alboran Sea",
    "dummy:basin:Tucano",
    "dummy:basin:Black Warrior",
    "dummy:basin:Tyrrhenian Sea - Tuscany",
    "dummy:basin:Clarence - Moreton",
    "dummy:basin:Bintuni",
    "dummy:basin:Arkoma",
    "dummy:basin:Solimoes",
    "dummy:basin:Sarawak - Luconia - East Natuna",
    "dummy:basin:Darling",
    "dummy:basin:Sergipe - Alagoas",
    "dummy:basin:North Carnarvon",
    "dummy:basin:Los Angeles",
    "dummy:basin:N/A",
    "dummy:basin:__Others__",
    "dummy:region:Europe",
    "dummy:region:Americas",
    "dummy:region:Asia",
    "dummy:region:Oceania",
    "dummy:region:Sub-Saharan Africa",
    "dummy:region:Africa",
    "dummy:region:Middle East \u0026 North Africa",
    "dummy:region:N/A",
    "dummy:region:__Others__",
    "dummy:rocktype:Clastic",
    "dummy:rocktype:Carbonate",
    "dummy:rocktype:N/A",
    "dummy:rocktype:__Others__",
    "dummy:unit_designation:Saline Aquifer",
    "dummy:unit_designation:Oil \u0026 Gas Fields",
    "dummy:unit_designation:Oilfield",
    "dummy:unit_designation:Gas field closed by 2030",
    "dummy:unit_designation:Gasfield",
    "dummy:unit_designation:Gas field",
    "dummy:unit_designation:Oilfield closed by 2030",
    "dummy:unit_designation:Gasfield closed by 2030",
    "dummy:unit_designation:Hydrocarbon unspecified",
    "dummy:unit_designation:Saline aquifer",
    "dummy:unit_designation:oil \u0026 Gas Fields",
    "dummy:unit_designation:Abandoned Oil \u0026 Gas Fields ",
    "dummy:unit_designation:Oil \u0026 Gas Fields closed by 2030",
    "dummy:unit_designation:Gas field closed by 2050",
    "dummy:unit_designation:Gasfield closed by 2050",
    "dummy:unit_designation:Gasfield closed by 2031",
    "dummy:unit_designation:Gasfield closed",
    "dummy:unit_designation:N/A",
    "dummy:unit_designation:__Others__",
    "dummy:pre_injection_pressure:0",
    "dummy:pre_injection_pressure:20.97",
    "dummy:pre_injection_pressure:21.4",
    "dummy:pre_injection_pressure:0.067568648",
    "dummy:pre_injection_pressure:0.235111316",
    "dummy:pre_injection_pressure:1.42032056",
    "dummy:pre_injection_pressure:140",
    "dummy:pre_injection_pressure:17.5",
    "dummy:pre_injection_pressure:8.95",
    "dummy:pre_injection_pressure:92.7",
    "dummy:pre_injection_pressure:Hydrostatic pressure (11.3 kPa/m)",
    "dummy:pre_injection_pressure:N/A",
    "dummy:pre_injection_pressure:__Others__",
    "dummy:flowtest:false",
    "dummy:flowtest:true",
    "dummy:flowtest:N/A",
    "dummy:flowtest:__Others__",
    "dummy:frac_pressure:0",
    "dummy:frac_pressure:49.001059319999996",
    "dummy:frac_pressure:60.99794172",
    "dummy:frac_pressure:54",
    "dummy:frac_pressure:32.59842528",
    "dummy:frac_pressure:3.024731212",
    "dummy:frac_pressure:264",
    "dummy:frac_pressure:2.5510612",
    "dummy:frac_pressure:2.48900836",
    "dummy:frac_pressure:2.2063232",
    "dummy:frac_pressure:16.63016112",
    "dummy:frac_pressure:14.996103",
    "dummy:frac_pressure:1.93742756",
    "dummy:frac_pressure:1.56511052",
    "dummy:frac_pressure:1.551321",
    "dummy:frac_pressure:1.24795156",
    "dummy:frac_pressure:1.034214",
    "dummy:frac_pressure:0.92389784",
    "dummy:frac_pressure:0.44471202",
    "dummy:frac_pressure:0.12755306",
    "dummy:frac_pressure:Variable with depth, estimated at 50% over initial pressure.",
    "dummy:frac_pressure:N/A",
    "dummy:frac_pressure:__Others__",
    "dummy:formation:Undifferentiated",
    "dummy:formation:Unknown",
    "dummy:formation:Unspecified",
    "dummy:formation:Leman Sandstone",
    "dummy:formation:Buntsandstein",
    "dummy:formation:Bunter Sandstone",
    "dummy:formation:Tortonian",
    "dummy:formation:Ormskirk Sandstone",
    "dummy:formation:Utrillas",
    "dummy:formation:Bunter Sandstone Formation",
    "dummy:formation:J1",
    "dummy:formation:Cr1",
    "dummy:formation:T3",
    "dummy:formation:Forties Sandstone",
    "dummy:formation:Carapebus Member",
    "dummy:formation:Late Cretaceous",
    "dummy:formation:Basal Sand",
    "dummy:formation:Muschelkalk - Buntsandstein",
    "dummy:formation:Wabamun",
    "dummy:formation:Sognefjord Fm",
    "dummy:formation:Westphalian Sandstones",
    "dummy:formation:Lias",
    "dummy:formation:Domo Sands",
    "dummy:formation:Talang Akar, Baturaja, \u0026 Lahat Formation",
    "dummy:formation:Dogger",
    "dummy:formation:Lower Grudja Formation",
    "dummy:formation:Showgrounds Sandstone",
    "dummy:formation:Messinian",
    "dummy:formation:Dongara Sandstone",
    "dummy:formation:Keuper",
    "dummy:formation:File Haidar",
    "dummy:formation:Not specified",
    "dummy:formation:Ivanić, Kloštar Ivanić, Vinkovci Formations ",
    "dummy:formation:Muschelkalk",
    "dummy:formation:Scaglia, Calcareous member",
    "dummy:formation:Duperow Formation",
    "dummy:formation:Burdigalian",
    "dummy:formation:Bryne and Sandnes Formations",
    "dummy:formation:Brent Group",
    "dummy:formation:Unspecified: Eocene foraminiferal limestone and Upper Cretaceous rudist limestone",
    "dummy:formation:Sto Formation",
    "dummy:formation:Bundsandstein ",
    "dummy:formation:St Peters Sandstone",
    "dummy:formation:Upper Grudja Formation",
    "dummy:formation:Slave Point",
    "dummy:formation:Krossfjord, Fensfjord and Sognefjord Formations",
    "dummy:formation:Macae Formation",
    "dummy:formation:Dinantian limestone ",
    "dummy:formation:Sena Formation",
    "dummy:formation:Upper Cretaceous",
    "dummy:formation:KS: Tranquera, Somolinos, Cuenca \u0026 Santa Barbara and KM: Chera, Ciudad encantada \u0026 Alarcon",
    "dummy:formation:Precipice sandstone",
    "dummy:formation:Johansen and Cook Formations",
    "dummy:formation:Bartonian",
    "dummy:formation:Nisku",
    "dummy:formation:Halibut ",
    "dummy:formation:Unspecified: Rudist Limestone",
    "dummy:formation:Mey Sandstone",
    "dummy:formation:Callovian",
    "dummy:formation:Carassai Member",
    "dummy:formation:Manuel\u0027s Sandstone",
    "dummy:formation:Captain Sandstone",
    "dummy:formation:Lower Amaranth",
    "dummy:formation:Talang Akar Fm, Batu Raja Fm, Upper Cibulakan Group",
    "dummy:formation:Lias -Dogger",
    "dummy:formation:Deadwood \u0026 Black Island Formations",
    "dummy:formation:Coniancian",
    "dummy:formation:Clematis Sandstone/ Rewan Fm",
    "dummy:formation:Tithonian",
    "dummy:formation:Mt. Simon Sandstone",
    "dummy:formation:Multiple geo intervals (pre-salt Permian Rotliegendes, post-salt Triassic Buntsandstein and Cretaceous Holland Greensand)",
    "dummy:formation:Magnus Sandstone",
    "dummy:formation:Winnipegosis-Frobisher-Midale",
    "dummy:formation:Utsira Fm",
    "dummy:formation:Macae Formation, Lagoa Feia Formation",
    "dummy:formation:Upper Rotliegends",
    "dummy:formation:Neogene - Miocene",
    "dummy:formation:Niagaran Reef Trend",
    "dummy:formation:Zanclean",
    "dummy:formation:Upper Morrow Formation",
    "dummy:formation:Upper Slochteren Member (Rotliegend)",
    "dummy:formation:Utsira Formation",
    "dummy:formation:Moebetsu Formation",
    "dummy:formation:Maha Formation",
    "dummy:formation:Mission Canyon",
    "dummy:formation:Majiagou, Benxi, Taiyuan, Shanxi, Shihezi, Shiqianfeng, Liujiagou and Heshanggou Formations",
    "dummy:formation:Miocene and Pliocene (un-differentiated)",
    "dummy:formation:Miocene Delta Sst",
    "dummy:formation:Minnelusa Formation",
    "dummy:formation:Malm \u0026 Dogger",
    "dummy:formation:Minghuazhen-Guantao-Shahejie Formation",
    "dummy:formation:Middle Aquifer",
    "dummy:formation:Mano Formation",
    "dummy:formation:Utsira and Skade Formations",
    "dummy:formation:Yamin",
    "dummy:formation:Wyandra Sandstone",
    "dummy:formation:Oligocene Sst",
    "dummy:formation:Turner Valley Fm / Shunda Fm",
    "dummy:formation:Osaka Group",
    "dummy:formation:Umm Er Radhuma",
    "dummy:formation:N/A",
    "dummy:formation:__Others__",
    "dummy:pore_compressibility:0",
    "dummy:pore_compressibility:2",
    "dummy:pore_compressibility:7.0E-5",
    "dummy:pore_compressibility:0.02",
    "dummy:pore_compressibility:1",
    "dummy:pore_compressibility:1.0E-4",
    "dummy:pore_compressibility:1.2E-4",
    "dummy:pore_compressibility:10",
    "dummy:pore_compressibility:5.4E-5 bar-1",
    "dummy:pore_compressibility:5.6427E-6",
    "dummy:pore_compressibility:N/A",
    "dummy:pore_compressibility:__Others__",
    "dummy:brine_salinity:0",
    "dummy:brine_salinity:15000",
    "dummy:brine_salinity:100000",
    "dummy:brine_salinity:32000",
    "dummy:brine_salinity:10",
    "dummy:brine_salinity:150000",
    "dummy:brine_salinity:15",
    "dummy:brine_salinity:29000",
    "dummy:brine_salinity:19000",
    "dummy:brine_salinity:40000",
    "dummy:brine_salinity:14000",
    "dummy:brine_salinity:30000",
    "dummy:brine_salinity:6",
    "dummy:brine_salinity:60000",
    "dummy:brine_salinity:39000",
    "dummy:brine_salinity:310000",
    "dummy:brine_salinity:90000",
    "dummy:brine_salinity:80",
    "dummy:brine_salinity:77000",
    "dummy:brine_salinity:328000",
    "dummy:brine_salinity:34",
    "dummy:brine_salinity:3400",
    "dummy:brine_salinity:53000",
    "dummy:brine_salinity:50000",
    "dummy:brine_salinity:70000",
    "dummy:brine_salinity:4500",
    "dummy:brine_salinity:67000",
    "dummy:brine_salinity:300000",
    "dummy:brine_salinity:45000",
    "dummy:brine_salinity:5000",
    "dummy:brine_salinity:72000",
    "dummy:brine_salinity:26",
    "dummy:brine_salinity:30",
    "dummy:brine_salinity:110000",
    "dummy:brine_salinity:0.126",
    "dummy:brine_salinity:0.13",
    "dummy:brine_salinity:0.149",
    "dummy:brine_salinity:0.153",
    "dummy:brine_salinity:100",
    "dummy:brine_salinity:10000",
    "dummy:brine_salinity:106000",
    "dummy:brine_salinity:108500",
    "dummy:brine_salinity:112000",
    "dummy:brine_salinity:27500",
    "dummy:brine_salinity:120137",
    "dummy:brine_salinity:130",
    "dummy:brine_salinity:16000",
    "dummy:brine_salinity:19-90000ppm",
    "dummy:brine_salinity:197000",
    "dummy:brine_salinity:2",
    "dummy:brine_salinity:200000",
    "dummy:brine_salinity:250",
    "dummy:brine_salinity:94000",
    "dummy:brine_salinity:N/A",
    "dummy:brine_salinity:__Others__",
    "dummy:depth:0",
    "dummy:depth:1000",
    "dummy:depth:1500",
    "dummy:depth:800",
    "dummy:depth:1700",
    "dummy:depth:1100",
    "dummy:depth:3000",
    "dummy:depth:1200",
    "dummy:depth:1400",
    "dummy:depth:2300",
    "dummy:depth:1720",
    "dummy:depth:1250",
    "dummy:depth:1600",
    "dummy:depth:2100",
    "dummy:depth:2400",
    "dummy:depth:2250",
    "dummy:depth:1800",
    "dummy:depth:1900",
    "dummy:depth:2200",
    "dummy:depth:2500",
    "dummy:depth:1300",
    "dummy:depth:900",
    "dummy:depth:830",
    "dummy:depth:3200",
    "dummy:depth:2000",
    "dummy:depth:2550",
    "dummy:depth:2750",
    "dummy:depth:950",
    "dummy:depth:1750",
    "dummy:depth:1494",
    "dummy:depth:3048",
    "dummy:depth:2080",
    "dummy:depth:850",
    "dummy:depth:5000",
    "dummy:depth:3540",
    "dummy:depth:2900",
    "dummy:depth:1450",
    "dummy:depth:2190",
    "dummy:depth:1040",
    "dummy:depth:1350",
    "dummy:depth:1050",
    "dummy:depth:1165",
    "dummy:depth:1020",
    "dummy:depth:1170",
    "dummy:depth:3100",
    "dummy:depth:3012",
    "dummy:depth:1088",
    "dummy:depth:3054",
    "dummy:depth:1360",
    "dummy:depth:1090",
    "dummy:depth:3190.25",
    "dummy:depth:1080",
    "dummy:depth:3275",
    "dummy:depth:3300",
    "dummy:depth:3320",
    "dummy:depth:3437",
    "dummy:depth:3498",
    "dummy:depth:3132",
    "dummy:depth:2990",
    "dummy:depth:37",
    "dummy:depth:2932",
    "dummy:depth:1095",
    "dummy:depth:2895",
    "dummy:depth:2850",
    "dummy:depth:2825",
    "dummy:depth:2805",
    "dummy:depth:1112",
    "dummy:depth:2735",
    "dummy:depth:2725",
    "dummy:depth:2700",
    "dummy:depth:2651",
    "dummy:depth:2650",
    "dummy:depth:2641.8",
    "dummy:depth:2600",
    "dummy:depth:1075",
    "dummy:depth:1068",
    "dummy:depth:3788",
    "dummy:depth:852–1125",
    "dummy:depth:976",
    "dummy:depth:975",
    "dummy:depth:970",
    "dummy:depth:965",
    "dummy:depth:1013",
    "dummy:depth:946",
    "dummy:depth:939",
    "dummy:depth:936",
    "dummy:depth:921",
    "dummy:depth:914",
    "dummy:depth:908",
    "dummy:depth:890",
    "dummy:depth:870",
    "dummy:depth:865",
    "dummy:depth:845",
    "dummy:depth:480",
    "dummy:depth:826–1863",
    "dummy:depth:823",
    "dummy:depth:817",
    "dummy:depth:810",
    "dummy:depth:805–1288",
    "dummy:depth:1066",
    "dummy:depth:N/A",
    "dummy:depth:__Others__",
    "dummy:age:Unknown",
    "dummy:age:Lower Triassic",
    "dummy:age:Cretaceous",
    "dummy:age:Triassic",
    "dummy:age:Lower Permian",
    "dummy:age:Jurassic",
    "dummy:age:Lower Jurassic",
    "dummy:age:Upper Devonian",
    "dummy:age:Neogene - Miocene",
    "dummy:age:Upper Cretaceous",
    "dummy:age:Lower Cretaceous",
    "dummy:age:Cambro–Ordovician and Devonian ",
    "dummy:age:Neogene",
    "dummy:age:Cambrian",
    "dummy:age:Palaeocene",
    "dummy:age:Early Cretaceous",
    "dummy:age:Lower Carboniferous",
    "dummy:age:Eocene",
    "dummy:age:Late Triassic",
    "dummy:age:Early Jurassic",
    "dummy:age:Mid Devonian",
    "dummy:age:Miocene",
    "dummy:age:Mid Jurassic",
    "dummy:age:Permian",
    "dummy:age:Middle Triassic",
    "dummy:age:Middle Jurassic",
    "dummy:age:Upper Carboniferous",
    "dummy:age:Upper Jurassic",
    "dummy:age:Jurassic - Cretaceous",
    "dummy:age:Late Jurassic",
    "dummy:age:Pleistocene- Middle Miocene",
    "dummy:age:Early Triassic",
    "dummy:age:Paleogene - Eocene",
    "dummy:age:Permian - Lopingian",
    "dummy:age:Pliocene",
    "dummy:age:Top Permian",
    "dummy:age:Mid Triassic",
    "dummy:age:Upper Jurassic - Lower Cretaceous",
    "dummy:age: Triassic",
    "dummy:age:Upper Triassic",
    "dummy:age:Carboniferous - Mississippian",
    "dummy:age:Eocene - Miocene",
    "dummy:age:Lower Cambrian",
    "dummy:age:Cenozoic",
    "dummy:age:Mid Cretaceous",
    "dummy:age:Quaternary",
    "dummy:age:Plio-Pleistocene",
    "dummy:age:Jurassic ",
    "dummy:age:Late Carboniferous - Triassic",
    "dummy:age:Messinian",
    "dummy:age:Triassic - Cretaceous",
    "dummy:age:Late Cretaceous ",
    "dummy:age:Paleogene",
    "dummy:age:Cenomanian - Santonian",
    "dummy:age:Tertiary",
    "dummy:age:Silurian",
    "dummy:age:Ordovician",
    "dummy:age:Late Oligocene - Miocene",
    "dummy:age:Mesozoic",
    "dummy:age:Maastrichtian - Middle Eocene",
    "dummy:age:Upper Permian",
    "dummy:age:Oligocene",
    "dummy:age:Carboniferous",
    "dummy:age:Late Oligocene",
    "dummy:age:Late Jurasic",
    "dummy:age:Neogene - Pliocene",
    "dummy:age:Devonian",
    "dummy:age:Changhsingian",
    "dummy:age:Upper Miocene",
    "dummy:age:Triasic",
    "dummy:age:Early Jurassic to Late Jurassic",
    "dummy:age:Upper Ordovician",
    "dummy:age:Carboniferous - Pennsylvanian",
    "dummy:age:Permian - Guadalupian",
    "dummy:age:Pleistocene",
    "dummy:age:Permian - Lopingian to Early Triassic",
    "dummy:age:Late Cretaceous",
    "dummy:age:Pennsylvanian",
    "dummy:age:Paleogene - Paleocene",
    "dummy:age:Paleogene - Oligocene",
    "dummy:age:Paleocene",
    "dummy:age:Palaeogene",
    "dummy:age:Late Cretaceous to Eocene",
    "dummy:age:Middle to late Miocene",
    "dummy:age:Late Permian",
    "dummy:age:Middle Cambrian",
    "dummy:age:Lower Devonian",
    "dummy:age:Mid Ordovician to Lower Triassic",
    "dummy:age:N/A",
    "dummy:age:__Others__"
  ],
  "classes": [
    "false",
    "true"
  ]
}