{
    "details": {
        "country": {
            "levels": [
                "United States of America",
                "United Kingdom",
                "Spain",
                "Canada",
                "Australia",
                "Norway",
                "Indonesia",
                "South Africa",
                "Brazil",
                "Italy",
                "Romania",
                "Poland",
                "Japan",
                "Denmark",
                "Kazakhstan",
                "Mozambique",
                "Algeria",
                "France",
                "Sweden",
                "Croatia",
                "Bulgaria",
                "Greece",
                "Malaysia",
                "China",
                "Netherlands",
                "South Korea",
                "Czechia ",
                "United Arab Emirates",
                "Czechia",
                "Austria",
                "Germany",
                "Morocco",
                "Israel",
                "Ireland",
                "Slovakia",
                "Saudi Arabia",
                "Sri Lanka",
                "Pakistan",
                "Vietnam"
            ],
            "with_others": true
        },
        "permeability_md": {
            "levels": [
                "0",
                "300",
                "70",
                "1000",
                "400",
                "50",
                "100",
                "200",
                "10",
                "30",
                "500",
                "150",
                "700",
                "90",
                "40",
                "376",
                "60",
                "20",
                "1",
                "45",
                "4",
                "4500",
                "48",
                "5.39",
                "66",
                "580",
                "65",
                "682",
                "7",
                "7000",
                "760",
                "800",
                "83",
                "87",
                "88",
                "88.5",
                "392",
                "3",
                "36.69",
                "151.3",
                "0.14",
                "0.3",
                "0.5",
                "115",
                "120",
                "1300",
                "1350",
                "140",
                "1428",
                "147",
                "1500",
                "161",
                "3-1250",
                "17",
                "170",
                "2000",
                "2400",
                "245",
                "250",
                "2600",
                "271",
                "28",
                "284",
                "290",
                "900"
            ],
            "with_others": true
        },
        "type": {
            "levels": [
                "Saline",
                "Petroleum"
            ],
            "with_others": true
        },
        "assessment": {
            "levels": [
                "Assessed",
                "Not Assessed",
                "The petrophysical properties stated are not provided in the publications but are extracted from the simulation file."
            ],
            "with_others": true
        },
        "area": {
            "levels": [
                "North Sea",
                "Offshore",
                "Onshore",
                "Alberta",
                "Cantabrian Chain and Douro Basin",
                "Queensland",
                "Polish Lowland",
                "Ib\u00e9rica Chain and Southern Subplateau",
                "Southwest Algeria ",
                "Barents Sea",
                "Beticas Chain and Guadalquivir Basin",
                "East Irish Sea",
                "Pyrenees and Ebro Basin",
                "South Sumatra",
                "Durban and Zululand Offshore Basins",
                "British Columbia",
                "Paris Basin",
                "NW Adriatic Sea",
                "Saskatchewan",
                "Outeniqua offshore",
                "Manitoba",
                "Precaspian Basin",
                "Dugi Otok Basin",
                "Montana",
                "South West Scania",
                "Norwegian Sea",
                "Moesian Platform",
                "West Java",
                "Padana Plain",
                "Illinois",
                "Aquitaine Basin",
                "Victoria",
                "Alabama",
                "East of peninsular Malaysia",
                "Not Specified",
                "South East Baltic",
                "Abu Dhabi",
                "Michigan",
                "Drava Depression",
                "Kansas",
                "Western Australia ",
                "Lombardia",
                "California",
                "Southern Israel",
                "Thessaloniki Basin",
                "Nebraska",
                "Mangyshlak Basin",
                "Wyoming",
                "South Sumatera ",
                "North Dakota",
                "Bohemian Basins",
                "Northern Territories: Offshore",
                "North Sumatra",
                "Wisconsin",
                "Nagasaki",
                "North Carolina",
                "New Jersey",
                "Tianjin Municipality, Dagang Oilfield Complex",
                "Oklahoma",
                "Orange Basin",
                "Pennsylvania",
                "Vienna",
                "Vardar - Balkans",
                "Quebec",
                "Utah",
                "Rhode Island",
                "Ustyurt Basin",
                "US Federal Onshore",
                "South Dakota",
                "US Federal Offshore",
                "South Torgay Basin",
                "Southern Italy",
                "Texas",
                "Vienna Basin",
                "New Mexico",
                "Hawaii",
                "Maine",
                "Alaska",
                "Banska Bystrica",
                "Carpathian Foredeep",
                "Cha-Sarysu Basin",
                "Colorado",
                "Connecticut",
                "Delaware",
                "District of Columbia",
                "Georgia",
                "Missouri",
                "Hokkaido",
                "Indian Subcontinent",
                "Indiana",
                "Zaysan Basin",
                "Minnesota",
                "Maryland",
                "Massachusetts",
                "Mesohellenic Trough ",
                "Mississippi",
                "Marista",
                "Central Sumatera",
                "Central Arabian Platform",
                "Tennessee"
            ],
            "with_others": true
        },
        "basin": {
            "levels": [
                "Southern North Sea - Anglo-Dutch",
                "West Canadian - Alberta",
                "Mozambique",
                "Williston",
                "Central European",
                "Northern North Sea",
                "Central Graben",
                "Duero",
                "Southern Carpathians",
                "Campos",
                "Japan",
                "Gourara",
                "Iberian Range",
                "South Sumatra",
                "Northwest German",
                "Outeniqua",
                "East Irish Sea",
                "West Barents Sea",
                "Bowen - Surat",
                "Madrid",
                "Eromanga",
                "Northern Apennines",
                "Northern North Sea ",
                "Po ",
                "Paris",
                "Adriatic - Dinaric",
                "Illinois",
                "Pannonian",
                "Perth",
                "Precaspian",
                "Betic Cordillera",
                "Malay",
                "Michigan",
                "Skagerrak - Kattegat",
                "Anadarko - Hugoton",
                "Voring",
                "Gippsland",
                "Moesian Platform",
                "Guadalquivir",
                "Cantabrian",
                "Southwest African Coastal",
                "Aquitaine",
                "Moray Firth",
                "Otway",
                "Northern Aegean",
                "Baltic",
                "Galilee - Drummond",
                "Ebro",
                "Rub al Khali",
                "Northwest Java",
                "Ionian Sea",
                "Mangyshlak - Ustyurt",
                "Sinai - Levant",
                "South Pyrenean",
                "Valencia Trough",
                "Transylvanian",
                "North China",
                "Vardar - Balkans",
                "Pelagian",
                "Northeast Gulf Salt",
                "Northern Carpathians",
                "Quebec",
                "Vienna",
                "Southern Apennines",
                "Turgay",
                "Zaysan",
                "North Ustyurt",
                "Bass",
                "North Sumatra - Mergui",
                "Clare  ",
                "Chu Sarysu",
                "Canning",
                "Burgas",
                "Browse",
                "Bonaparte",
                "East Shetland Platform",
                "Kutei",
                "Kanto",
                "Junggar",
                "Bahia Sul",
                "West Shetland",
                "Akita",
                "South Carnarvon",
                "Widyan - North Arabian Gulf",
                "Central Sumatra",
                "Toyama",
                "Barito",
                "Alboran Sea",
                "Tucano",
                "Black Warrior",
                "Tyrrhenian Sea - Tuscany",
                "Clarence - Moreton",
                "Bintuni",
                "Arkoma",
                "Solimoes",
                "Sarawak - Luconia - East Natuna",
                "Darling",
                "Sergipe - Alagoas",
                "North Carnarvon",
                "Los Angeles"
            ],
            "with_others": true
        },
        "region": {
            "levels": [
                "Europe",
                "Americas",
                "Asia",
                "Oceania",
                "Sub-Saharan Africa",
                "Africa",
                "Middle East & North Africa"
            ],
            "with_others": true
        },
        "rocktype": {
            "levels": [
                "Clastic",
                "Carbonate"
            ],
            "with_others": true
        },
        "unit_designation": {
            "levels": [
                "Saline Aquifer",
                "Oil & Gas Fields",
                "Oilfield",
                "Gas field closed by 2030",
                "Gasfield",
                "Gas field",
                "Oilfield closed by 2030",
                "Gasfield closed by 2030",
                "Hydrocarbon unspecified",
                "Saline aquifer",
                "oil & Gas Fields",
                "Abandoned Oil & Gas Fields ",
                "Oil & Gas Fields closed by 2030",
                "Gas field closed by 2050",
                "Gasfield closed by 2050",
                "Gasfield closed by 2031",
                "Gasfield closed"
            ],
            "with_others": true
        },
        "pre_injection_pressure": {
            "levels": [
                "0",
                "20.97",
                "21.4",
                "0.067568648",
                "0.235111316",
                "1.42032056",
                "140",
                "17.5",
                "8.95",
                "92.7",
                "Hydrostatic pressure (11.3 kPa/m)"
            ],
            "with_others": true
        },
        "flowtest": {
            "levels": [
                "false",
                "true"
            ],
            "with_others": true
        },
        "frac_pressure": {
            "levels": [
                "0",
                "49.001059319999996",
                "60.99794172",
                "54",
                "32.59842528",
                "3.024731212",
                "264",
                "2.5510612",
                "2.48900836",
                "2.2063232",
                "16.63016112",
                "14.996103",
                "1.93742756",
                "1.56511052",
                "1.551321",
                "1.24795156",
                "1.034214",
                "0.92389784",
                "0.44471202",
                "0.12755306",
                "Variable with depth, estimated at 50% over initial pressure."
            ],
            "with_others": true
        },
        "formation": {
            "levels": [
                "Undifferentiated",
                "Unknown",
                "Unspecified",
                "Leman Sandstone",
                "Buntsandstein",
                "Bunter Sandstone",
                "Tortonian",
                "Ormskirk Sandstone",
                "Utrillas",
                "Bunter Sandstone Formation",
                "J1",
                "Cr1",
                "T3",
                "Forties Sandstone",
                "Carapebus Member",
                "Late Cretaceous",
                "Basal Sand",
                "Muschelkalk - Buntsandstein",
                "Wabamun",
                "Sognefjord Fm",
                "Westphalian Sandstones",
                "Lias",
                "Domo Sands",
                "Talang Akar, Baturaja, & Lahat Formation",
                "Dogger",
                "Lower Grudja Formation",
                "Showgrounds Sandstone",
                "Messinian",
                "Dongara Sandstone",
                "Keuper",
                "File Haidar",
                "Not specified",
                "Ivani\u0107, Klo\u0161tar Ivani\u0107, Vinkovci Formations ",
                "Muschelkalk",
                "Scaglia, Calcareous member",
                "Duperow Formation",
                "Burdigalian",
                "Bryne and Sandnes Formations",
                "Brent Group",
                "Unspecified: Eocene foraminiferal limestone and Upper Cretaceous rudist limestone",
                "Sto Formation",
                "Bundsandstein ",
                "St Peters Sandstone",
                "Upper Grudja Formation",
                "Slave Point",
                "Krossfjord, Fensfjord and Sognefjord Formations",
                "Macae Formation",
                "Dinantian limestone ",
                "Sena Formation",
                "Upper Cretaceous",
                "KS: Tranquera, Somolinos, Cuenca & Santa Barbara and KM: Chera, Ciudad encantada & Alarcon",
                "Precipice sandstone",
                "Johansen and Cook Formations",
                "Bartonian",
                "Nisku",
                "Halibut ",
                "Unspecified: Rudist Limestone",
                "Mey Sandstone",
                "Callovian",
                "Carassai Member",
                "Manuel's Sandstone",
                "Captain Sandstone",
                "Lower Amaranth",
                "Talang Akar Fm, Batu Raja Fm, Upper Cibulakan Group",
                "Lias -Dogger",
                "Deadwood & Black Island Formations",
                "Coniancian",
                "Clematis Sandstone/ Rewan Fm",
                "Tithonian",
                "Mt. Simon Sandstone",
                "Multiple geo intervals (pre-salt Permian Rotliegendes, post-salt Triassic Buntsandstein and Cretaceous Holland Greensand)",
                "Magnus Sandstone",
                "Winnipegosis-Frobisher-Midale",
                "Utsira Fm",
                "Macae Formation, Lagoa Feia Formation",
                "Upper Rotliegends",
                "Neogene - Miocene",
                "Niagaran Reef Trend",
                "Zanclean",
                "Upper Morrow Formation",
                "Upper Slochteren Member (Rotliegend)",
                "Utsira Formation",
                "Moebetsu Formation",
                "Maha Formation",
                "Mission Canyon",
                "Majiagou, Benxi, Taiyuan, Shanxi, Shihezi, Shiqianfeng, Liujiagou and Heshanggou Formations",
                "Miocene and Pliocene (un-differentiated)",
                "Miocene Delta Sst",
                "Minnelusa Formation",
                "Malm & Dogger",
                "Minghuazhen-Guantao-Shahejie Formation",
                "Middle Aquifer",
                "Mano Formation",
                "Utsira and Skade Formations",
                "Yamin",
                "Wyandra Sandstone",
                "Oligocene Sst",
                "Turner Valley Fm / Shunda Fm",
                "Osaka Group",
                "Umm Er Radhuma"
            ],
            "with_others": true
        },
        "pore_compressibility": {
            "levels": [
                "0",
                "2",
                "7.0E-5",
                "0.02",
                "1",
                "1.0E-4",
                "1.2E-4",
                "10",
                "5.4E-5 bar-1",
                "5.6427E-6"
            ],
            "with_others": true
        },
        "brine_salinity": {
            "levels": [
                "0",
                "15000",
                "100000",
                "32000",
                "10",
                "150000",
                "15",
                "29000",
                "19000",
                "40000",
                "14000",
                "30000",
                "6",
                "60000",
                "39000",
                "310000",
                "90000",
                "80",
                "77000",
                "328000",
                "34",
                "3400",
                "53000",
                "50000",
                "70000",
                "4500",
                "67000",
                "300000",
                "45000",
                "5000",
                "72000",
                "26",
                "30",
                "110000",
                "0.126",
                "0.13",
                "0.149",
                "0.153",
                "100",
                "10000",
                "106000",
                "108500",
                "112000",
                "27500",
                "120137",
                "130",
                "16000",
                "19-90000ppm",
                "197000",
                "2",
                "200000",
                "250",
                "94000"
            ],
            "with_others": true
        },
        "depth": {
            "levels": [
                "0",
                "1000",
                "1500",
                "800",
                "1700",
                "1100",
                "3000",
                "1200",
                "1400",
                "2300",
                "1720",
                "1250",
                "1600",
                "2100",
                "2400",
                "2250",
                "1800",
                "1900",
                "2200",
                "2500",
                "1300",
                "900",
                "830",
                "3200",
                "2000",
                "2550",
                "2750",
                "950",
                "1750",
                "1494",
                "3048",
                "2080",
                "850",
                "5000",
                "3540",
                "2900",
                "1450",
                "2190",
                "1040",
                "1350",
                "1050",
                "1165",
                "1020",
                "1170",
                "3100",
                "3012",
                "1088",
                "3054",
                "1360",
                "1090",
                "3190.25",
                "1080",
                "3275",
                "3300",
                "3320",
                "3437",
                "3498",
                "3132",
                "2990",
                "37",
                "2932",
                "1095",
                "2895",
                "2850",
                "2825",
                "2805",
                "1112",
                "2735",
                "2725",
                "2700",
                "2651",
                "2650",
                "2641.8",
                "2600",
                "1075",
                "1068",
                "3788",
                "852\u20131125",
                "976",
                "975",
                "970",
                "965",
                "1013",
                "946",
                "939",
                "936",
                "921",
                "914",
                "908",
                "890",
                "870",
                "865",
                "845",
                "480",
                "826\u20131863",
                "823",
                "817",
                "810",
                "805\u20131288",
                "1066"
            ],
            "with_others": true
        },
        "age": {
            "levels": [
                "Unknown",
                "Lower Triassic",
                "Cretaceous",
                "Triassic",
                "Lower Permian",
                "Jurassic",
                "Lower Jurassic",
                "Upper Devonian",
                "Neogene - Miocene",
                "Upper Cretaceous",
                "Lower Cretaceous",
                "Cambro\u2013Ordovician and Devonian ",
                "Neogene",
                "Cambrian",
                "Palaeocene",
                "Early Cretaceous",
                "Lower Carboniferous",
                "Eocene",
                "Late Triassic",
                "Early Jurassic",
                "Mid Devonian",
                "Miocene",
                "Mid Jurassic",
                "Permian",
                "Middle Triassic",
                "Middle Jurassic",
                "Upper Carboniferous",
                "Upper Jurassic",
                "Jurassic - Cretaceous",
                "Late Jurassic",
                "Pleistocene- Middle Miocene",
                "Early Triassic",
                "Paleogene - Eocene",
                "Permian - Lopingian",
                "Pliocene",
                "Top Permian",
                "Mid Triassic",
                "Upper Jurassic - Lower Cretaceous",
                " Triassic",
                "Upper Triassic",
                "Carboniferous - Mississippian",
                "Eocene - Miocene",
                "Lower Cambrian",
                "Cenozoic",
                "Mid Cretaceous",
                "Quaternary",
                "Plio-Pleistocene",
                "Jurassic ",
                "Late Carboniferous - Triassic",
                "Messinian",
                "Triassic - Cretaceous",
                "Late Cretaceous ",
                "Paleogene",
                "Cenomanian - Santonian",
                "Tertiary",
                "Silurian",
                "Ordovician",
                "Late Oligocene - Miocene",
                "Mesozoic",
                "Maastrichtian - Middle Eocene",
                "Upper Permian",
                "Oligocene",
                "Carboniferous",
                "Late Oligocene",
                "Late Jurasic",
                "Neogene - Pliocene",
                "Devonian",
                "Changhsingian",
                "Upper Miocene",
                "Triasic",
                "Early Jurassic to Late Jurassic",
                "Upper Ordovician",
                "Carboniferous - Pennsylvanian",
                "Permian - Guadalupian",
                "Pleistocene",
                "Permian - Lopingian to Early Triassic",
                "Late Cretaceous",
                "Pennsylvanian",
                "Paleogene - Paleocene",
                "Paleogene - Oligocene",
                "Paleocene",
                "Palaeogene",
                "Late Cretaceous to Eocene",
                "Middle to late Miocene",
                "Late Permian",
                "Middle Cambrian",
                "Lower Devonian",
                "Mid Ordovician to Lower Triassic"
            ],
            "with_others": true
        }
    }
}