{
    "perClassFacts": {
        "unique": {
            "formation": {
                "impact": 0.20689501185572073,
                "rank": 1,
                "feature": "formation",
                "positiveCategoricalValue": "Unspecified",
                "negativeCategoricalValue": "Undifferentiated",
                "infoGain": 0.648883737393316,
                "type": "CATEGORICAL"
            },
            "depth": {
                "impact": 0.17765906147774443,
                "rank": 2,
                "feature": "depth",
                "positiveCategoricalValue": "0",
                "negativeCategoricalValue": "",
                "infoGain": 0.6633584938302262,
                "type": "CATEGORICAL"
            },
            "frac_pressure": {
                "impact": 0.15878397044816137,
                "rank": 4,
                "feature": "frac_pressure",
                "positiveCategoricalValue": "0",
                "negativeCategoricalValue": "",
                "infoGain": 0.5929533174474745,
                "type": "CATEGORICAL"
            },
            "unit_designation": {
                "impact": 0.12639021678339438,
                "rank": 6,
                "feature": "unit_designation",
                "positiveCategoricalValue": "Saline Aquifer",
                "negativeCategoricalValue": "Oil & Gas Fields",
                "infoGain": 0.5041902938233076,
                "type": "CATEGORICAL"
            },
            "area": {
                "impact": 0.09545449491622067,
                "rank": 8,
                "feature": "area",
                "positiveCategoricalValue": "North Sea",
                "negativeCategoricalValue": "Offshore",
                "infoGain": 0.5940701897222965,
                "type": "CATEGORICAL"
            },
            "age": {
                "impact": 0.0836716563874605,
                "rank": 10,
                "feature": "age",
                "positiveCategoricalValue": "Lower Cretaceous",
                "negativeCategoricalValue": "",
                "infoGain": 0.5583675025638177,
                "type": "CATEGORICAL"
            },
            "basin": {
                "impact": 0.061760094745904034,
                "rank": 14,
                "feature": "basin",
                "positiveCategoricalValue": "",
                "negativeCategoricalValue": "Central European",
                "infoGain": 0.6076973906620573,
                "type": "CATEGORICAL"
            },
            "permeability_md": {
                "impact": 0.04723263703437398,
                "rank": 19,
                "feature": "permeability_md",
                "positiveCategoricalValue": "",
                "negativeCategoricalValue": "",
                "infoGain": 0.5959251142667914,
                "type": "CATEGORICAL"
            }
        }
    }
}