[
    {
        "test_score_gib": 0.8253229974160207,
        "train_score": 0.9798895386614684,
        "test_score": 0.8253229974160207,
        "num_samples": 144,
        "fit_time": 1629,
        "score_time": 172,
        "time": 1801,
        "parameters": {
            "max_depth": 6,
            "max_features": "sqrt",
            "min_samples_leaf": 1,
            "n_estimators": 100,
            "min_samples_split": 3
        },
        "done_at": 1750013197115,
        "split_id": 0
    },
    {
        "test_score_gib": 0.7819121447028423,
        "train_score": 0.9794834307992202,
        "test_score": 0.7819121447028423,
        "num_samples": 144,
        "fit_time": 1701,
        "score_time": 111,
        "time": 1812,
        "parameters": {
            "max_depth": 6,
            "max_features": "sqrt",
            "min_samples_leaf": 1,
            "n_estimators": 100,
            "min_samples_split": 3
        },
        "done_at": 1750013197129,
        "split_id": 1
    },
    {
        "test_score_gib": 0.928125,
        "train_score": 0.9770103761348898,
        "test_score": 0.928125,
        "num_samples": 143,
        "fit_time": 1932,
        "score_time": 166,
        "time": 2098,
        "parameters": {
            "max_depth": 6,
            "max_features": "sqrt",
            "min_samples_leaf": 1,
            "n_estimators": 100,
            "min_samples_split": 3
        },
        "done_at": 1750013197440,
        "split_id": 2
    },
    {
        "test_score_gib": 0.88203125,
        "train_score": 0.9736381322957199,
        "test_score": 0.88203125,
        "num_samples": 143,
        "fit_time": 1544,
        "score_time": 219,
        "time": 1763,
        "parameters": {
            "max_depth": 6,
            "max_features": "sqrt",
            "min_samples_leaf": 1,
            "n_estimators": 100,
            "min_samples_split": 3
        },
        "done_at": 1750013197100,
        "split_id": 3
    },
    {
        "test_score_gib": 0.840625,
        "train_score": 0.9857652399481194,
        "test_score": 0.840625,
        "num_samples": 143,
        "fit_time": 1852,
        "score_time": 260,
        "time": 2112,
        "parameters": {
            "max_depth": 6,
            "max_features": "sqrt",
            "min_samples_leaf": 1,
            "n_estimators": 100,
            "min_samples_split": 3
        },
        "done_at": 1750013199229,
        "split_id": 4
    },
    {
        "test_score_gib": 0.8842377260981912,
        "train_score": 1.0,
        "test_score": 0.8842377260981912,
        "num_samples": 144,
        "fit_time": 1956,
        "score_time": 90,
        "time": 2046,
        "parameters": {
            "max_depth": 19,
            "max_features": "sqrt",
            "min_samples_leaf": 1,
            "n_estimators": 100,
            "min_samples_split": 3
        },
        "done_at": 1750013199181,
        "split_id": 0
    },
    {
        "test_score_gib": 0.8607235142118863,
        "train_score": 0.9999350227420403,
        "test_score": 0.8607235142118863,
        "num_samples": 144,
        "fit_time": 1950,
        "score_time": 214,
        "time": 2164,
        "parameters": {
            "max_depth": 19,
            "max_features": "sqrt",
            "min_samples_leaf": 1,
            "n_estimators": 100,
            "min_samples_split": 3
        },
        "done_at": 1750013199369,
        "split_id": 1
    },
    {
        "test_score_gib": 0.9276041666666667,
        "train_score": 1.0,
        "test_score": 0.9276041666666667,
        "num_samples": 143,
        "fit_time": 1758,
        "score_time": 174,
        "time": 1932,
        "parameters": {
            "max_depth": 19,
            "max_features": "sqrt",
            "min_samples_leaf": 1,
            "n_estimators": 100,
            "min_samples_split": 3
        },
        "done_at": 1750013199377,
        "split_id": 2
    },
    {
        "test_score_gib": 0.9315104166666667,
        "train_score": 1.0,
        "test_score": 0.9315104166666667,
        "num_samples": 143,
        "fit_time": 1063,
        "score_time": 71,
        "time": 1134,
        "parameters": {
            "max_depth": 19,
            "max_features": "sqrt",
            "min_samples_leaf": 1,
            "n_estimators": 100,
            "min_samples_split": 3
        },
        "done_at": 1750013200332,
        "split_id": 3
    },
    {
        "test_score_gib": 0.8210937500000001,
        "train_score": 1.0,
        "test_score": 0.8210937500000001,
        "num_samples": 143,
        "fit_time": 1032,
        "score_time": 62,
        "time": 1094,
        "parameters": {
            "max_depth": 19,
            "max_features": "sqrt",
            "min_samples_leaf": 1,
            "n_estimators": 100,
            "min_samples_split": 3
        },
        "done_at": 1750013200348,
        "split_id": 4
    }
]