{
    "startedAt": 1750013195238,
    "gridSize": 2,
    "nThreads": 4,
    "nSplits": 5,
    "metric": "ROC_AUC",
    "timeout": null,
    "gridPoints": [
        {
            "finishedAt": 1750013199229,
            "score": 0.8514694270782653,
            "testScoreGibMean": 0.8514694270782653,
            "testScoreMean": 0.8514694270782653,
            "testScoreStd": 0.04990658200445095,
            "trainScoreMean": 0.9791588195543897,
            "trainScoreStd": 0.003978968504042594,
            "time": 9586,
            "fitTimeMean": 1731.6,
            "fitTimeStd": 142.34690021212265,
            "scoreTimeMean": 185.6,
            "scoreTimeStd": 50.56718303405876,
            "parameters": {
                "max_depth": 6,
                "max_features": "sqrt",
                "min_samples_leaf": 1,
                "n_estimators": 100,
                "min_samples_split": 3
            }
        },
        {
            "finishedAt": 1750013200348,
            "score": 0.8849988985652969,
            "testScoreGibMean": 0.8849988985652969,
            "testScoreMean": 0.8849988985652969,
            "testScoreStd": 0.04155057328881593,
            "trainScoreMean": 0.9999869501741336,
            "trainScoreStd": 2.6031595158707936e-05,
            "time": 8370,
            "fitTimeMean": 1551.8,
            "fitTimeStd": 417.98966494400315,
            "scoreTimeMean": 122.2,
            "scoreTimeStd": 60.65113354258105,
            "parameters": {
                "max_depth": 19,
                "max_features": "sqrt",
                "min_samples_leaf": 1,
                "n_estimators": 100,
                "min_samples_split": 3
            }
        }
    ]
}