{
  "columns": [
    {"name":"code","type":"bigint"},
    {"name":"region","type":"string"},
    {"name":"country","type":"string"},
    {"name":"area","type":"string"},
    {"name":"latitude","type":"double"},
    {"name":"longitude","type":"double"},
    {"name":"site_name","type":"string"},
    {"name":"basin","type":"string"},
    {"name":"formation","type":"string"},
    {"name":"unit_designation","type":"string"},
    {"name":"type","type":"string"},
    {"name":"storage_unit_type","type":"string"},
    {"name":"discovery_status","type":"string"},
    {"name":"age","type":"string"},
    {"name":"publication","type":"string"},
    {"name":"project_history","type":"string"},
    {"name":"development_plan","type":"string"},
    {"name":"containment_summary","type":"string"},
    {"name":"assessment_notes","type":"string"},
    {"name":"year_of_publication","type":"string"},
    {"name":"date_of_assessment","type":"string"},
    {"name":"site_area_km2","type":"double"},
    {"name":"depth","type":"string"},
    {"name":"thickness_m","type":"string"},
    {"name":"ntg","type":"double"},
    {"name":"porosity","type":"string"},
    {"name":"permeability_md","type":"string"},
    {"name":"brine_salinity","type":"string"},
    {"name":"co2_density","type":"double"},
    {"name":"well_count","type":"bigint"},
    {"name":"well_density","type":"double"},
    {"name":"single_well_discovery_area","type":"bigint"},
    {"name":"pressure_psig","type":"double"},
    {"name":"source_of_storage_efficiency_factor","type":"string"},
    {"name":"storage_efficiency","type":"string"},
    {"name":"pore_compressibility","type":"string"},
    {"name":"frac_pressure","type":"string"},
    {"name":"pre_injection_pressure","type":"string"},
    {"name":"source_of_analogue","type":"string"},
    {"name":"assessment","type":"string"},
    {"name":"stored_low","type":"double"},
    {"name":"stored_mid","type":"double"},
    {"name":"stored_high","type":"bigint"},
    {"name":"on_injection_low","type":"bigint"},
    {"name":"on_injection_mid","type":"double"},
    {"name":"on_injection_high","type":"bigint"},
    {"name":"approved_for_development_low","type":"bigint"},
    {"name":"approved_for_development_mid","type":"bigint"},
    {"name":"approved_for_development_high","type":"bigint"},
    {"name":"justified_for_development_low","type":"double"},
    {"name":"justified_for_development_mid","type":"double"},
    {"name":"justified_for_development_high","type":"bigint"},
    {"name":"development_pending_low","type":"bigint"},
    {"name":"development_pending_mid","type":"double"},
    {"name":"development_pending_high","type":"bigint"},
    {"name":"development_on_hold_low","type":"bigint"},
    {"name":"development_on_hold_mid","type":"double"},
    {"name":"development_on_hold_high","type":"bigint"},
    {"name":"development_not_viable_low","type":"double"},
    {"name":"development_not_viable_mid","type":"double"},
    {"name":"development_not_viable_high","type":"double"},
    {"name":"development_unclarified_low","type":"double"},
    {"name":"development_unclarified_mid","type":"double"},
    {"name":"development_unclarified_high","type":"double"},
    {"name":"inaccessible_subcommercial_low","type":"double"},
    {"name":"inaccessible_subcommercial_mid","type":"double"},
    {"name":"inaccessible_subcommercial_high","type":"double"},
    {"name":"prospect_low","type":"double"},
    {"name":"prospect_mid","type":"double"},
    {"name":"prospect_high","type":"double"},
    {"name":"lead_low","type":"double"},
    {"name":"lead_mid","type":"double"},
    {"name":"lead_high","type":"double"},
    {"name":"sequence_play_low","type":"double"},
    {"name":"sequence_play_mid","type":"double"},
    {"name":"sequence_play_high","type":"double"},
    {"name":"basin_play_low","type":"double"},
    {"name":"basin_play_mid","type":"double"},
    {"name":"basin_play_high","type":"double"},
    {"name":"undiscovered_inaccessible_low","type":"double"},
    {"name":"undiscovered_inaccessible_mid","type":"double"},
    {"name":"undiscovered_inaccessible_high","type":"double"},
    {"name":"total_low","type":"double"},
    {"name":"total_mid","type":"double"},
    {"name":"total_high","type":"double"},
    {"name":"sum_low","type":"double"},
    {"name":"sum_mid","type":"double"},
    {"name":"sum_high","type":"double"},
    {"name":"flowtest","type":"boolean"},
    {"name":"rocktype","type":"string"},
    {"name":"project_spec","type":"boolean"},
    {"name":"p50_pore_volume_mmcum","type":"bigint"},
    {"name":"prop_considered_discovered","type":"double"}
  ],
  "userModified": true
}