{
    "modelInputNRows": 717,
    "modelInputNCols": 773,
    "modelInputIsSparse": false,
    "modelInputMemory": 4433928,
    "usedGridSearch": true,
    "gridSize": 2,
    "gridBestScore": 0.8849988985652969,
    "gridCells": [
        {
            "params": {
                "max_depth": 6,
                "max_features": "sqrt",
                "min_samples_leaf": 1,
                "n_estimators": 100,
                "min_samples_split": 3
            },
            "score": 0.8514694270782653,
            "scoreStd": 0.04990658200445095,
            "fitTime": 1.7315999999999998,
            "fitTimeStd": 0.14234690021212265,
            "scoreTime": 0.1856,
            "scoreTimeStd": 0.05056718303405876
        },
        {
            "params": {
                "max_depth": 19,
                "max_features": "sqrt",
                "min_samples_leaf": 1,
                "n_estimators": 100,
                "min_samples_split": 3
            },
            "score": 0.8849988985652969,
            "scoreStd": 0.04155057328881593,
            "fitTime": 1.5517999999999998,
            "fitTimeStd": 0.41798966494400314,
            "scoreTime": 0.1222,
            "scoreTimeStd": 0.06065113354258105
        }
    ],
    "rawImportance": {
        "variables": [
            "pressure_psig",
            "stored_low",
            "justified_for_development_low",
            "stored_mid",
            "justified_for_development_mid",
            "longitude",
            "on_injection_mid",
            "co2_density",
            "well_density",
            "thickness_m",
            "site_area_km2",
            "latitude",
            "prop_considered_discovered",
            "single_well_discovery_area",
            "well_count",
            "ntg",
            "porosity",
            "justified_for_development_high",
            "approved_for_development_mid",
            "dummy:country:United States of America",
            "dummy:country:United Kingdom",
            "dummy:country:Spain",
            "dummy:country:Canada",
            "dummy:country:Australia",
            "dummy:country:Norway",
            "dummy:country:Indonesia",
            "dummy:country:South Africa",
            "dummy:country:Brazil",
            "dummy:country:Italy",
            "dummy:country:Romania",
            "dummy:country:Poland",
            "dummy:country:Japan",
            "dummy:country:Denmark",
            "dummy:country:Kazakhstan",
            "dummy:country:Mozambique",
            "dummy:country:Algeria",
            "dummy:country:France",
            "dummy:country:Sweden",
            "dummy:country:Croatia",
            "dummy:country:Bulgaria",
            "dummy:country:Greece",
            "dummy:country:Malaysia",
            "dummy:country:China",
            "dummy:country:Netherlands",
            "dummy:country:South Korea",
            "dummy:country:Czechia ",
            "dummy:country:United Arab Emirates",
            "dummy:country:Czechia",
            "dummy:country:Austria",
            "dummy:country:Germany",
            "dummy:country:Israel",
            "dummy:country:Ireland",
            "dummy:country:Slovakia",
            "dummy:country:Saudi Arabia",
            "dummy:country:Pakistan",
            "dummy:country:Vietnam",
            "dummy:permeability_md:0",
            "dummy:permeability_md:300",
            "dummy:permeability_md:70",
            "dummy:permeability_md:1000",
            "dummy:permeability_md:400",
            "dummy:permeability_md:50",
            "dummy:permeability_md:100",
            "dummy:permeability_md:200",
            "dummy:permeability_md:10",
            "dummy:permeability_md:30",
            "dummy:permeability_md:500",
            "dummy:permeability_md:150",
            "dummy:permeability_md:700",
            "dummy:permeability_md:90",
            "dummy:permeability_md:376",
            "dummy:permeability_md:20",
            "dummy:permeability_md:1",
            "dummy:permeability_md:45",
            "dummy:permeability_md:4",
            "dummy:permeability_md:4500",
            "dummy:permeability_md:48",
            "dummy:permeability_md:5.39",
            "dummy:permeability_md:66",
            "dummy:permeability_md:580",
            "dummy:permeability_md:65",
            "dummy:permeability_md:682",
            "dummy:permeability_md:7",
            "dummy:permeability_md:7000",
            "dummy:permeability_md:760",
            "dummy:permeability_md:800",
            "dummy:permeability_md:83",
            "dummy:permeability_md:87",
            "dummy:permeability_md:88.5",
            "dummy:permeability_md:36.69",
            "dummy:permeability_md:0.14",
            "dummy:permeability_md:0.3",
            "dummy:permeability_md:0.5",
            "dummy:permeability_md:120",
            "dummy:permeability_md:1350",
            "dummy:permeability_md:140",
            "dummy:permeability_md:1428",
            "dummy:permeability_md:147",
            "dummy:permeability_md:1500",
            "dummy:permeability_md:161",
            "dummy:permeability_md:17",
            "dummy:permeability_md:170",
            "dummy:permeability_md:2000",
            "dummy:permeability_md:245",
            "dummy:permeability_md:250",
            "dummy:permeability_md:2600",
            "dummy:permeability_md:271",
            "dummy:permeability_md:28",
            "dummy:permeability_md:284",
            "dummy:permeability_md:290",
            "dummy:permeability_md:900",
            "dummy:permeability_md:N/A",
            "dummy:type:Saline",
            "dummy:type:Petroleum",
            "dummy:assessment:Assessed",
            "dummy:assessment:Not Assessed",
            "dummy:assessment:The petrophysical properties stated are not provided in the publications but are extracted from the simulation file.",
            "dummy:assessment:N/A",
            "dummy:area:North Sea",
            "dummy:area:Offshore",
            "dummy:area:Onshore",
            "dummy:area:Alberta",
            "dummy:area:Cantabrian Chain and Douro Basin",
            "dummy:area:Queensland",
            "dummy:area:Polish Lowland",
            "dummy:area:Ib\u00e9rica Chain and Southern Subplateau",
            "dummy:area:Southwest Algeria ",
            "dummy:area:Barents Sea",
            "dummy:area:Beticas Chain and Guadalquivir Basin",
            "dummy:area:East Irish Sea",
            "dummy:area:South Sumatra",
            "dummy:area:Durban and Zululand Offshore Basins",
            "dummy:area:British Columbia",
            "dummy:area:Paris Basin",
            "dummy:area:NW Adriatic Sea",
            "dummy:area:Saskatchewan",
            "dummy:area:Outeniqua offshore",
            "dummy:area:Manitoba",
            "dummy:area:Precaspian Basin",
            "dummy:area:Dugi Otok Basin",
            "dummy:area:Montana",
            "dummy:area:South West Scania",
            "dummy:area:Norwegian Sea",
            "dummy:area:Moesian Platform",
            "dummy:area:West Java",
            "dummy:area:Padana Plain",
            "dummy:area:Illinois",
            "dummy:area:Aquitaine Basin",
            "dummy:area:Victoria",
            "dummy:area:Alabama",
            "dummy:area:East of peninsular Malaysia",
            "dummy:area:Not Specified",
            "dummy:area:South East Baltic",
            "dummy:area:Abu Dhabi",
            "dummy:area:Michigan",
            "dummy:area:Drava Depression",
            "dummy:area:Kansas",
            "dummy:area:Western Australia ",
            "dummy:area:Lombardia",
            "dummy:area:California",
            "dummy:area:Southern Israel",
            "dummy:area:Thessaloniki Basin",
            "dummy:area:Nebraska",
            "dummy:area:Wyoming",
            "dummy:area:South Sumatera ",
            "dummy:area:North Dakota",
            "dummy:area:Bohemian Basins",
            "dummy:area:Northern Territories: Offshore",
            "dummy:area:North Sumatra",
            "dummy:area:North Carolina",
            "dummy:area:New Jersey",
            "dummy:area:Tianjin Municipality, Dagang Oilfield Complex",
            "dummy:area:Oklahoma",
            "dummy:area:Pennsylvania",
            "dummy:area:Vardar - Balkans",
            "dummy:area:Quebec",
            "dummy:area:Utah",
            "dummy:area:Rhode Island",
            "dummy:area:US Federal Onshore",
            "dummy:area:South Dakota",
            "dummy:area:US Federal Offshore",
            "dummy:area:Southern Italy",
            "dummy:area:Texas",
            "dummy:area:Vienna Basin",
            "dummy:area:Hawaii",
            "dummy:area:Maine",
            "dummy:area:Alaska",
            "dummy:area:Carpathian Foredeep",
            "dummy:area:Colorado",
            "dummy:area:Delaware",
            "dummy:area:District of Columbia",
            "dummy:area:Georgia",
            "dummy:area:Hokkaido",
            "dummy:area:Indian Subcontinent",
            "dummy:area:Indiana",
            "dummy:area:Maryland",
            "dummy:area:Mesohellenic Trough ",
            "dummy:area:Mississippi",
            "dummy:area:Marista",
            "dummy:area:Central Sumatera",
            "dummy:area:N/A",
            "dummy:area:__Others__",
            "dummy:basin:Southern North Sea - Anglo-Dutch",
            "dummy:basin:West Canadian - Alberta",
            "dummy:basin:Mozambique",
            "dummy:basin:Williston",
            "dummy:basin:Central European",
            "dummy:basin:Northern North Sea",
            "dummy:basin:Central Graben",
            "dummy:basin:Duero",
            "dummy:basin:Southern Carpathians",
            "dummy:basin:Campos",
            "dummy:basin:Japan",
            "dummy:basin:Gourara",
            "dummy:basin:Iberian Range",
            "dummy:basin:South Sumatra",
            "dummy:basin:Northwest German",
            "dummy:basin:Outeniqua",
            "dummy:basin:East Irish Sea",
            "dummy:basin:West Barents Sea",
            "dummy:basin:Bowen - Surat",
            "dummy:basin:Madrid",
            "dummy:basin:Eromanga",
            "dummy:basin:Northern Apennines",
            "dummy:basin:Northern North Sea ",
            "dummy:basin:Po ",
            "dummy:basin:Paris",
            "dummy:basin:Adriatic - Dinaric",
            "dummy:basin:Illinois",
            "dummy:basin:Pannonian",
            "dummy:basin:Perth",
            "dummy:basin:Precaspian",
            "dummy:basin:Betic Cordillera",
            "dummy:basin:Malay",
            "dummy:basin:Michigan",
            "dummy:basin:Skagerrak - Kattegat",
            "dummy:basin:Anadarko - Hugoton",
            "dummy:basin:Voring",
            "dummy:basin:Gippsland",
            "dummy:basin:Moesian Platform",
            "dummy:basin:Guadalquivir",
            "dummy:basin:Aquitaine",
            "dummy:basin:Moray Firth",
            "dummy:basin:Otway",
            "dummy:basin:Northern Aegean",
            "dummy:basin:Baltic",
            "dummy:basin:Galilee - Drummond",
            "dummy:basin:Ebro",
            "dummy:basin:Rub al Khali",
            "dummy:basin:Northwest Java",
            "dummy:basin:Ionian Sea",
            "dummy:basin:Mangyshlak - Ustyurt",
            "dummy:basin:Valencia Trough",
            "dummy:basin:Transylvanian",
            "dummy:basin:North China",
            "dummy:basin:Vardar - Balkans",
            "dummy:basin:Pelagian",
            "dummy:basin:Northeast Gulf Salt",
            "dummy:basin:Northern Carpathians",
            "dummy:basin:Quebec",
            "dummy:basin:Vienna",
            "dummy:basin:Southern Apennines",
            "dummy:basin:Turgay",
            "dummy:basin:North Ustyurt",
            "dummy:basin:Bass",
            "dummy:basin:North Sumatra - Mergui",
            "dummy:basin:Clare  ",
            "dummy:basin:Burgas",
            "dummy:basin:Browse",
            "dummy:basin:Bonaparte",
            "dummy:basin:East Shetland Platform",
            "dummy:basin:Kutei",
            "dummy:basin:Kanto",
            "dummy:basin:Junggar",
            "dummy:basin:West Shetland",
            "dummy:basin:South Carnarvon",
            "dummy:basin:Barito",
            "dummy:basin:Black Warrior",
            "dummy:basin:Tyrrhenian Sea - Tuscany",
            "dummy:basin:Clarence - Moreton",
            "dummy:basin:Bintuni",
            "dummy:basin:Solimoes",
            "dummy:basin:Darling",
            "dummy:basin:North Carnarvon",
            "dummy:basin:Los Angeles",
            "dummy:basin:N/A",
            "dummy:basin:__Others__",
            "dummy:region:Europe",
            "dummy:region:Americas",
            "dummy:region:Asia",
            "dummy:region:Oceania",
            "dummy:region:Sub-Saharan Africa",
            "dummy:region:Africa",
            "dummy:region:Middle East & North Africa",
            "dummy:rocktype:Clastic",
            "dummy:rocktype:Carbonate",
            "dummy:unit_designation:Saline Aquifer",
            "dummy:unit_designation:Oil & Gas Fields",
            "dummy:unit_designation:Oilfield",
            "dummy:unit_designation:Gas field closed by 2030",
            "dummy:unit_designation:Gasfield",
            "dummy:unit_designation:Gas field",
            "dummy:unit_designation:Oilfield closed by 2030",
            "dummy:unit_designation:Gasfield closed by 2030",
            "dummy:unit_designation:Hydrocarbon unspecified",
            "dummy:unit_designation:Saline aquifer",
            "dummy:unit_designation:oil & Gas Fields",
            "dummy:unit_designation:Abandoned Oil & Gas Fields ",
            "dummy:unit_designation:Oil & Gas Fields closed by 2030",
            "dummy:unit_designation:Gas field closed by 2050",
            "dummy:unit_designation:Gasfield closed by 2050",
            "dummy:unit_designation:Gasfield closed by 2031",
            "dummy:pre_injection_pressure:0",
            "dummy:pre_injection_pressure:1.42032056",
            "dummy:pre_injection_pressure:140",
            "dummy:pre_injection_pressure:17.5",
            "dummy:pre_injection_pressure:Hydrostatic pressure (11.3 kPa/m)",
            "dummy:pre_injection_pressure:N/A",
            "dummy:flowtest:false",
            "dummy:flowtest:true",
            "dummy:flowtest:N/A",
            "dummy:frac_pressure:0",
            "dummy:frac_pressure:49.001059319999996",
            "dummy:frac_pressure:60.99794172",
            "dummy:frac_pressure:54",
            "dummy:frac_pressure:32.59842528",
            "dummy:frac_pressure:3.024731212",
            "dummy:frac_pressure:264",
            "dummy:frac_pressure:2.5510612",
            "dummy:frac_pressure:2.48900836",
            "dummy:frac_pressure:2.2063232",
            "dummy:frac_pressure:16.63016112",
            "dummy:frac_pressure:14.996103",
            "dummy:frac_pressure:1.93742756",
            "dummy:frac_pressure:1.551321",
            "dummy:frac_pressure:1.24795156",
            "dummy:frac_pressure:1.034214",
            "dummy:frac_pressure:0.92389784",
            "dummy:frac_pressure:0.44471202",
            "dummy:frac_pressure:0.12755306",
            "dummy:frac_pressure:Variable with depth, estimated at 50% over initial pressure.",
            "dummy:frac_pressure:N/A",
            "dummy:formation:Undifferentiated",
            "dummy:formation:Unknown",
            "dummy:formation:Unspecified",
            "dummy:formation:Leman Sandstone",
            "dummy:formation:Buntsandstein",
            "dummy:formation:Bunter Sandstone",
            "dummy:formation:Tortonian",
            "dummy:formation:Ormskirk Sandstone",
            "dummy:formation:Utrillas",
            "dummy:formation:Bunter Sandstone Formation",
            "dummy:formation:J1",
            "dummy:formation:Cr1",
            "dummy:formation:T3",
            "dummy:formation:Forties Sandstone",
            "dummy:formation:Carapebus Member",
            "dummy:formation:Late Cretaceous",
            "dummy:formation:Basal Sand",
            "dummy:formation:Wabamun",
            "dummy:formation:Sognefjord Fm",
            "dummy:formation:Westphalian Sandstones",
            "dummy:formation:Lias",
            "dummy:formation:Domo Sands",
            "dummy:formation:Talang Akar, Baturaja, & Lahat Formation",
            "dummy:formation:Lower Grudja Formation",
            "dummy:formation:Showgrounds Sandstone",
            "dummy:formation:Dongara Sandstone",
            "dummy:formation:Keuper",
            "dummy:formation:Not specified",
            "dummy:formation:Ivani\u0107, Klo\u0161tar Ivani\u0107, Vinkovci Formations ",
            "dummy:formation:Muschelkalk",
            "dummy:formation:Scaglia, Calcareous member",
            "dummy:formation:Duperow Formation",
            "dummy:formation:Bryne and Sandnes Formations",
            "dummy:formation:Brent Group",
            "dummy:formation:Sto Formation",
            "dummy:formation:St Peters Sandstone",
            "dummy:formation:Upper Grudja Formation",
            "dummy:formation:Slave Point",
            "dummy:formation:Krossfjord, Fensfjord and Sognefjord Formations",
            "dummy:formation:Precipice sandstone",
            "dummy:formation:Johansen and Cook Formations",
            "dummy:formation:Nisku",
            "dummy:formation:Halibut ",
            "dummy:formation:Unspecified: Rudist Limestone",
            "dummy:formation:Mey Sandstone",
            "dummy:formation:Callovian",
            "dummy:formation:Carassai Member",
            "dummy:formation:Captain Sandstone",
            "dummy:formation:Lower Amaranth",
            "dummy:formation:Talang Akar Fm, Batu Raja Fm, Upper Cibulakan Group",
            "dummy:formation:Deadwood & Black Island Formations",
            "dummy:formation:Coniancian",
            "dummy:formation:Clematis Sandstone/ Rewan Fm",
            "dummy:formation:Tithonian",
            "dummy:formation:Mt. Simon Sandstone",
            "dummy:formation:Multiple geo intervals (pre-salt Permian Rotliegendes, post-salt Triassic Buntsandstein and Cretaceous Holland Greensand)",
            "dummy:formation:Winnipegosis-Frobisher-Midale",
            "dummy:formation:Utsira Fm",
            "dummy:formation:Niagaran Reef Trend",
            "dummy:formation:Zanclean",
            "dummy:formation:Upper Morrow Formation",
            "dummy:formation:Upper Slochteren Member (Rotliegend)",
            "dummy:formation:Utsira Formation",
            "dummy:formation:Moebetsu Formation",
            "dummy:formation:Maha Formation",
            "dummy:formation:Mission Canyon",
            "dummy:formation:Majiagou, Benxi, Taiyuan, Shanxi, Shihezi, Shiqianfeng, Liujiagou and Heshanggou Formations",
            "dummy:formation:Miocene and Pliocene (un-differentiated)",
            "dummy:formation:Miocene Delta Sst",
            "dummy:formation:Minnelusa Formation",
            "dummy:formation:Middle Aquifer",
            "dummy:formation:Mano Formation",
            "dummy:formation:Utsira and Skade Formations",
            "dummy:formation:Turner Valley Fm / Shunda Fm",
            "dummy:formation:Umm Er Radhuma",
            "dummy:formation:N/A",
            "dummy:formation:__Others__",
            "dummy:pore_compressibility:0",
            "dummy:pore_compressibility:2",
            "dummy:pore_compressibility:7.0E-5",
            "dummy:pore_compressibility:0.02",
            "dummy:pore_compressibility:1",
            "dummy:pore_compressibility:10",
            "dummy:pore_compressibility:5.4E-5 bar-1",
            "dummy:pore_compressibility:5.6427E-6",
            "dummy:pore_compressibility:N/A",
            "dummy:brine_salinity:0",
            "dummy:brine_salinity:15000",
            "dummy:brine_salinity:100000",
            "dummy:brine_salinity:10",
            "dummy:brine_salinity:150000",
            "dummy:brine_salinity:15",
            "dummy:brine_salinity:29000",
            "dummy:brine_salinity:30000",
            "dummy:brine_salinity:6",
            "dummy:brine_salinity:39000",
            "dummy:brine_salinity:80",
            "dummy:brine_salinity:77000",
            "dummy:brine_salinity:328000",
            "dummy:brine_salinity:53000",
            "dummy:brine_salinity:50000",
            "dummy:brine_salinity:67000",
            "dummy:brine_salinity:300000",
            "dummy:brine_salinity:5000",
            "dummy:brine_salinity:72000",
            "dummy:brine_salinity:26",
            "dummy:brine_salinity:0.126",
            "dummy:brine_salinity:0.13",
            "dummy:brine_salinity:0.153",
            "dummy:brine_salinity:108500",
            "dummy:brine_salinity:112000",
            "dummy:brine_salinity:27500",
            "dummy:brine_salinity:120137",
            "dummy:brine_salinity:130",
            "dummy:brine_salinity:19-90000ppm",
            "dummy:brine_salinity:197000",
            "dummy:brine_salinity:2",
            "dummy:brine_salinity:200000",
            "dummy:brine_salinity:250",
            "dummy:brine_salinity:N/A",
            "dummy:depth:0",
            "dummy:depth:1000",
            "dummy:depth:1500",
            "dummy:depth:800",
            "dummy:depth:1700",
            "dummy:depth:1100",
            "dummy:depth:3000",
            "dummy:depth:1200",
            "dummy:depth:1400",
            "dummy:depth:2300",
            "dummy:depth:1720",
            "dummy:depth:1250",
            "dummy:depth:1600",
            "dummy:depth:2100",
            "dummy:depth:2400",
            "dummy:depth:2250",
            "dummy:depth:1800",
            "dummy:depth:1900",
            "dummy:depth:2200",
            "dummy:depth:2500",
            "dummy:depth:1300",
            "dummy:depth:900",
            "dummy:depth:830",
            "dummy:depth:3200",
            "dummy:depth:2000",
            "dummy:depth:2750",
            "dummy:depth:950",
            "dummy:depth:1750",
            "dummy:depth:3048",
            "dummy:depth:850",
            "dummy:depth:5000",
            "dummy:depth:3540",
            "dummy:depth:2900",
            "dummy:depth:1450",
            "dummy:depth:2190",
            "dummy:depth:1040",
            "dummy:depth:1350",
            "dummy:depth:1165",
            "dummy:depth:1020",
            "dummy:depth:3012",
            "dummy:depth:1090",
            "dummy:depth:3190.25",
            "dummy:depth:3300",
            "dummy:depth:3320",
            "dummy:depth:3437",
            "dummy:depth:37",
            "dummy:depth:2932",
            "dummy:depth:1095",
            "dummy:depth:2825",
            "dummy:depth:2805",
            "dummy:depth:1112",
            "dummy:depth:2735",
            "dummy:depth:2651",
            "dummy:depth:2650",
            "dummy:depth:2600",
            "dummy:depth:1075",
            "dummy:depth:1068",
            "dummy:depth:3788",
            "dummy:depth:852\u20131125",
            "dummy:depth:975",
            "dummy:depth:970",
            "dummy:depth:1013",
            "dummy:depth:946",
            "dummy:depth:936",
            "dummy:depth:908",
            "dummy:depth:870",
            "dummy:depth:865",
            "dummy:depth:480",
            "dummy:depth:823",
            "dummy:depth:810",
            "dummy:depth:805\u20131288",
            "dummy:depth:1066",
            "dummy:depth:N/A",
            "dummy:depth:__Others__",
            "dummy:age:Unknown",
            "dummy:age:Lower Triassic",
            "dummy:age:Cretaceous",
            "dummy:age:Triassic",
            "dummy:age:Lower Permian",
            "dummy:age:Jurassic",
            "dummy:age:Lower Jurassic",
            "dummy:age:Upper Devonian",
            "dummy:age:Neogene - Miocene",
            "dummy:age:Upper Cretaceous",
            "dummy:age:Lower Cretaceous",
            "dummy:age:Cambro\u2013Ordovician and Devonian ",
            "dummy:age:Neogene",
            "dummy:age:Cambrian",
            "dummy:age:Palaeocene",
            "dummy:age:Early Cretaceous",
            "dummy:age:Lower Carboniferous",
            "dummy:age:Eocene",
            "dummy:age:Late Triassic",
            "dummy:age:Early Jurassic",
            "dummy:age:Mid Devonian",
            "dummy:age:Miocene",
            "dummy:age:Mid Jurassic",
            "dummy:age:Permian",
            "dummy:age:Middle Triassic",
            "dummy:age:Middle Jurassic",
            "dummy:age:Upper Carboniferous",
            "dummy:age:Upper Jurassic",
            "dummy:age:Jurassic - Cretaceous",
            "dummy:age:Late Jurassic",
            "dummy:age:Pleistocene- Middle Miocene",
            "dummy:age:Early Triassic",
            "dummy:age:Paleogene - Eocene",
            "dummy:age:Permian - Lopingian",
            "dummy:age:Pliocene",
            "dummy:age:Top Permian",
            "dummy:age:Mid Triassic",
            "dummy:age:Upper Jurassic - Lower Cretaceous",
            "dummy:age: Triassic",
            "dummy:age:Upper Triassic",
            "dummy:age:Carboniferous - Mississippian",
            "dummy:age:Eocene - Miocene",
            "dummy:age:Cenozoic",
            "dummy:age:Mid Cretaceous",
            "dummy:age:Quaternary",
            "dummy:age:Plio-Pleistocene",
            "dummy:age:Jurassic ",
            "dummy:age:Late Carboniferous - Triassic",
            "dummy:age:Messinian",
            "dummy:age:Triassic - Cretaceous",
            "dummy:age:Late Cretaceous ",
            "dummy:age:Paleogene",
            "dummy:age:Cenomanian - Santonian",
            "dummy:age:Silurian",
            "dummy:age:Ordovician",
            "dummy:age:Late Oligocene - Miocene",
            "dummy:age:Mesozoic",
            "dummy:age:Upper Permian",
            "dummy:age:Carboniferous",
            "dummy:age:Late Oligocene",
            "dummy:age:Late Jurasic",
            "dummy:age:Neogene - Pliocene",
            "dummy:age:Changhsingian",
            "dummy:age:Upper Miocene",
            "dummy:age:Carboniferous - Pennsylvanian",
            "dummy:age:Permian - Guadalupian",
            "dummy:age:Pleistocene",
            "dummy:age:Late Cretaceous",
            "dummy:age:Pennsylvanian",
            "dummy:age:Paleogene - Paleocene",
            "dummy:age:Paleocene",
            "dummy:age:Palaeogene",
            "dummy:age:Late Cretaceous to Eocene",
            "dummy:age:Late Permian",
            "dummy:age:Middle Cambrian",
            "dummy:age:Mid Ordovician to Lower Triassic",
            "dummy:age:N/A"
        ],
        "importances": [
            0.01728182742162897,
            0.006407515243601467,
            0.005409689077855964,
            0.020820097433986145,
            0.015048469550005009,
            0.04715418468436086,
            0.006287665963955277,
            0.021465839950912443,
            0.030317856305960775,
            0.021027125726301242,
            0.03181935838849187,
            0.04677653999573362,
            0.01487355818552581,
            0.0036899390931940997,
            0.022991111535972913,
            0.016380805155278982,
            0.023183121755971037,
            0.005104404366467395,
            0.0054886245284806266,
            0.005264437506196591,
            0.003733019396942687,
            0.012002221368222887,
            0.004363336709037772,
            0.001907380078299904,
            0.012670143151844664,
            0.0013422940148269974,
            0.001167962301010932,
            0.00084936426229199,
            0.0011374889977802908,
            0.001041522066707653,
            0.002207250007129509,
            0.0016681827461425534,
            0.0011197705388224259,
            0.00013272904500559639,
            0.0004676056019831791,
            0.0006263046638519607,
            0.0007632741440889899,
            0.0014924556559610916,
            0.0003676534092232916,
            0.0014087881955433736,
            0.001861356296342206,
            3.9499615956704264e-05,
            0.000975544511256578,
            0.0007690855253935161,
            0.0006146559513029609,
            0.00011650233438282834,
            0.0023208739112337362,
            6.052497372538212e-05,
            0.0001672876753011467,
            3.66432874632506e-05,
            5.000314173121778e-05,
            1.0899335473566229e-05,
            9.878854693578016e-05,
            2.5452959177094406e-05,
            8.637281393253414e-06,
            0.0006253122415434033,
            0.0063948173003923695,
            0.002645116198737994,
            0.0018022872034125698,
            0.000576689304186816,
            0.002680287666244107,
            0.0018804728639776765,
            0.0004287900820809158,
            0.0009486548665415379,
            0.0003042992847358511,
            9.14690276625809e-05,
            0.000339868576623199,
            0.0007957959661867501,
            6.406077348958155e-05,
            0.00039265692321540627,
            9.104421333458145e-05,
            5.412310493388481e-07,
            0.0004982216555080068,
            0.00025107191500049205,
            0.0003665721429392265,
            0.00012079413331232896,
            0.0001835587141881071,
            0.0006680410341510347,
            0.0012662925555270226,
            0.0004762206380753081,
            0.00025498524472327566,
            0.0001985460609802161,
            1.9877597261357717e-05,
            9.364929973503522e-05,
            0.00010923726856812522,
            0.00020882357512591674,
            0.00015686449571095196,
            0.00011324814029432814,
            0.0003080194102415332,
            2.583933550742967e-05,
            0.00010227259646371719,
            0.00011341077667814912,
            0.0001639631668211706,
            5.152085180636882e-06,
            0.00010954729980954241,
            3.011390457895959e-05,
            0.00021716791400755008,
            9.845351323077225e-05,
            2.777012084787012e-05,
            0.00014859294561271402,
            8.699720549498958e-05,
            0.00038866647338114686,
            0.00014315903499742566,
            4.811207876096499e-05,
            0.0001194505167225222,
            0.00011157465077032608,
            0.00036634153467343385,
            0.0005327741894361477,
            0.000636373739917157,
            0.00047347447822585284,
            0.0001517154172344862,
            0.0060910737171271535,
            0.007139533434803999,
            0.00990315693723489,
            0.0026528717611748517,
            0.0009257032961580084,
            0.00031000610165560574,
            0.0015468742345008132,
            0.009966252122130818,
            0.0037484389766168974,
            0.0038910823615151517,
            0.0026987504119974004,
            0.0013358330350592914,
            0.0018251469768715309,
            0.0016631943814366138,
            0.000997688425671864,
            0.0004803152300969864,
            0.0013164140387406367,
            5.77443298076867e-05,
            0.002089303518601429,
            0.0002738811005696723,
            0.00023287097245799682,
            0.000900235633338783,
            0.00019827855483391078,
            5.717486069286694e-05,
            0.00218743513581118,
            3.650271849073289e-05,
            0.0007359015790044562,
            4.895919368510982e-05,
            0.00014816683314539336,
            0.0022926990437349567,
            0.00028777800085273296,
            0.0009833360974235024,
            0.0015843946190262565,
            0.00012887340604787439,
            0.00021874471887496226,
            0.0004387188486676626,
            0.001283968822001693,
            0.0005283284086798521,
            0.0003066944642444536,
            0.0008035002446257191,
            6.512996217297319e-05,
            0.00011586894931171177,
            0.001415175658095186,
            0.0006039351334539867,
            8.159666476605332e-05,
            0.0003184729408273687,
            0.00036237512873304474,
            5.547622717107459e-05,
            0.00018880287962970432,
            0.00031262361068760416,
            7.783952804001339e-05,
            0.00010624216063973924,
            8.605872790952989e-05,
            3.0501974667024135e-06,
            2.1567295404974104e-06,
            2.560386692712567e-05,
            0.0007000693494515035,
            0.0005319626325663771,
            1.7302349175741171e-06,
            1.7024793709711139e-06,
            0.00012749400218391561,
            2.3081675391261948e-05,
            2.5996615330879707e-06,
            1.2653210641667771e-05,
            8.979532160248213e-05,
            1.4879068862162759e-06,
            2.2974772957813132e-07,
            0.00032068547403313677,
            6.654825809225247e-06,
            8.395603063459447e-06,
            7.766654993510185e-05,
            0.0003798452503296823,
            6.062088259487495e-05,
            1.0474827180847633e-05,
            1.9662261531493273e-07,
            2.753025847750105e-05,
            5.288700513105815e-05,
            5.986196844315456e-05,
            1.4375714560696077e-06,
            2.575165705286455e-06,
            5.239838235701658e-06,
            5.005810453228451e-05,
            2.54080961520949e-05,
            3.451770567653717e-06,
            5.700515781800818e-06,
            2.9123932161866382e-05,
            2.305377050978046e-06,
            2.4691055567088767e-05,
            4.471742415356238e-05,
            0.00010312611132934532,
            0.006122723467644708,
            0.003063273144963977,
            0.002727611056924656,
            0.0010615403585124646,
            0.0017996267455880073,
            0.002128730351706562,
            0.002603919682398981,
            0.0009664846511757007,
            0.0002547257093486137,
            0.0006169420888535116,
            0.0007886136819387104,
            0.0013650313310067984,
            0.0008300067749328652,
            0.0003934217284428477,
            0.0006404508723169777,
            0.00029655094800887477,
            2.3182464898139624e-05,
            0.0024598096802506144,
            0.0025236747983717277,
            0.0009609225362339582,
            5.021324477250679e-05,
            0.0007390715010123354,
            0.00022499775850335065,
            0.0012181210274822434,
            0.00034152407497189437,
            0.00018687804856944984,
            0.00041761371741534393,
            0.0002405013578660422,
            0.00025581075814661047,
            0.0003728035302305613,
            1.0856490256302193e-05,
            6.080953118112159e-05,
            0.0011473666198777766,
            0.0016473675533985907,
            0.0005233040558164371,
            0.000724013638643246,
            0.0008413973918538282,
            0.0002546700289689691,
            0.0005582188827503827,
            4.644445290073259e-05,
            0.002204293739895466,
            0.00037910966464372003,
            0.002815839732221801,
            0.0012540324595217475,
            9.060393337690921e-05,
            0.0002510684284031368,
            6.673943221148259e-07,
            0.0011830987850133447,
            2.3545409920731672e-06,
            0.0003029301795715002,
            2.798172282875633e-06,
            4.757683942066697e-05,
            2.5031189035720618e-06,
            5.043174442997897e-05,
            0.00018455266711214845,
            3.517237793936011e-05,
            0.001358994136567002,
            0.00015000951320751988,
            6.73450191465915e-05,
            7.900105622907112e-05,
            3.3831338934690645e-05,
            9.23381325757159e-06,
            1.7398213762969543e-05,
            9.972220194043271e-05,
            0.00066269662496277,
            2.8234654380392654e-05,
            2.0158411216791645e-05,
            0.000317214427111804,
            0.0006019747276720018,
            0.00014729969003238015,
            0.0004998793203700114,
            0.0008002514301656513,
            0.001257748780591857,
            1.7155915393194104e-05,
            0.00012350341203499853,
            1.7923957490196454e-05,
            4.74849411290773e-05,
            0.0018447696823646242,
            2.628096493551403e-05,
            0.000668943995198918,
            2.548434070509122e-07,
            1.4040830647548833e-05,
            0.0005770471949083279,
            0.0014319964571988242,
            0.002783663855836638,
            0.0026938675057815824,
            0.004864444124415431,
            0.004963345687716542,
            0.0028626964812580574,
            0.0024533305151438894,
            0.001835271853472395,
            0.0008535700559094745,
            0.0015427531475486133,
            0.006896762682147668,
            0.00805455219595579,
            0.008586218490302677,
            0.012642252564658125,
            0.001125883900259052,
            0.002848973101839089,
            0.0009874741724312352,
            0.0022172831297316213,
            0.004468557892513143,
            0.0025280631182624815,
            0.00011941447328466068,
            0.00021729014908680966,
            5.28773565802898e-06,
            0.00015008473931222888,
            5.432158521388034e-06,
            0.00019145416648218844,
            5.343074086793678e-05,
            0.001597984020496163,
            0.005806814850679358,
            2.1734070525675303e-06,
            0.00023212935812981194,
            0.000136842187321883,
            9.369696563876459e-05,
            0.009014040943081246,
            0.012934835959942447,
            0.005165961139208531,
            0.004063275434967386,
            0.008676114215143207,
            0.0017198329033258988,
            8.39076294325144e-05,
            0.00010944421281130753,
            0.0003624180866282265,
            9.356592603407968e-05,
            0.0002776427931197435,
            0.00031443379389181554,
            0.00012972363517499538,
            8.650202809999565e-06,
            1.2366565706865127e-06,
            1.7040118638919624e-06,
            0.0002862416207280148,
            0.000244366555692646,
            0.00010186299478507497,
            6.196634010753909e-05,
            3.131555930721303e-05,
            6.693863094252878e-06,
            0.0003538921207204752,
            0.0004092407439358218,
            0.016625937245375214,
            0.01936541315881245,
            0.010471272271794674,
            0.0024932637405412307,
            0.0020164064840072007,
            0.0004810493479422963,
            0.0031818591054199757,
            5.1083748508841556e-05,
            0.003441355578323002,
            3.1310538926431575e-05,
            0.0008950085619352259,
            0.00047468994054909416,
            0.00017850857785125742,
            0.00014188943405871567,
            0.0003250839692883929,
            0.00011410772508200591,
            1.623452308030247e-05,
            0.0032100277248597424,
            0.00033643515360553134,
            0.0002586471176347735,
            0.00042603413807632234,
            9.927283095427744e-06,
            5.80873106072156e-05,
            0.00021733143780664106,
            0.00010474469167718457,
            0.0006290545905828803,
            0.0008614463028831626,
            2.4616473945010766e-05,
            7.793597234352665e-05,
            1.1944119131699542e-05,
            5.903814485925144e-05,
            3.1149116153303152e-06,
            0.0037339025665801637,
            0.00034043029372399203,
            2.6078050706043568e-05,
            0.0008726010576444519,
            0.0002740024395331352,
            6.210686215730681e-06,
            5.4978266997751356e-05,
            0.0004883385732127006,
            0.0006767052450843528,
            0.0006870364159541452,
            0.0007586605315730757,
            0.0002802774249118257,
            5.011576382837466e-05,
            6.317944458175682e-05,
            6.25345799379264e-05,
            6.695696895166935e-05,
            7.591569127937522e-05,
            0.000300336762653395,
            7.469066918669947e-05,
            0.0008999473340686667,
            2.651849947160358e-05,
            5.591773658424036e-06,
            0.0008614326480363819,
            0.0004254202983009698,
            0.0011345277446896675,
            0.00021458200272920846,
            0.0011347769936640754,
            0.00038946724027005657,
            3.551415254451623e-06,
            0.0010578276289570513,
            2.6609179202264927e-05,
            0.0005361228701511424,
            5.409257925062796e-05,
            0.00013956791326499512,
            8.57792580867718e-05,
            0.00047463502491432494,
            0.0009705005926935162,
            0.000942992809947173,
            6.381046465666796e-05,
            5.614243505464062e-05,
            0.0035740181364909956,
            0.00012386948734015004,
            6.576077581678604e-05,
            0.00010903149332613243,
            0.00402869770355844,
            0.015674012243527487,
            0.0041727347915124745,
            0.001993744128260486,
            9.81210625453859e-06,
            0.00043785470312830173,
            0.00015180030189884382,
            0.0015728603285076858,
            0.0009761392871236987,
            0.00026432603538266376,
            0.007320260634624514,
            0.0034028141744178926,
            0.002864757761259974,
            0.0010997349196499877,
            8.686417244211158e-06,
            0.00010172894305670414,
            6.7892181580904e-05,
            0.0013182549917250999,
            0.0002747584463511752,
            3.526379797687621e-05,
            2.3502129324674392e-05,
            1.7161975109718054e-06,
            1.2677245715921391e-05,
            0.00010968959134331682,
            0.000246714954382132,
            8.830000315195558e-05,
            6.107320399349751e-05,
            0.0002965420717558345,
            5.343939109729702e-05,
            4.362219154136593e-05,
            1.3191062463091836e-05,
            5.5627479980491104e-05,
            7.832671483913645e-05,
            7.974689149855951e-05,
            3.1000050453129326e-05,
            5.230185362086026e-05,
            7.726312301299082e-05,
            6.013158200776099e-05,
            9.149260108473351e-06,
            3.463525255856422e-05,
            0.0017355014320739038,
            6.177753404850688e-05,
            2.5741946950392127e-05,
            0.0006546427463509763,
            0.004414553518950765,
            0.011705024729389614,
            0.0003568747780134569,
            0.00043137543608801467,
            0.0003285975388129714,
            0.0011526732805712168,
            6.504828707914216e-05,
            0.0008418961108151533,
            0.00028362404862244576,
            0.0015660096184727556,
            0.00021350618490008488,
            0.00015809648565558875,
            0.0001415323080767707,
            0.0008783224273914709,
            0.0006485878639278756,
            0.0004386494423759019,
            0.0028144666116536763,
            0.0003350143168941275,
            0.0010983754022559614,
            0.0007426890308379956,
            0.0003389482643655276,
            1.5354370584202565e-05,
            0.00025236326812945204,
            1.1582363997250156e-05,
            0.00014410300072689345,
            0.002372468661485452,
            7.017425283469403e-05,
            0.0010681924766779904,
            0.0007372968905305633,
            0.0011019857111383014,
            7.073939204365195e-05,
            1.5422177458077305e-05,
            2.499254391250822e-05,
            0.0027069927849340714,
            0.0005773369698088875,
            0.00025798861761943624,
            3.098404891633128e-05,
            4.456845389697592e-06,
            1.9280985109738803e-05,
            0.0005584761322972124,
            7.73302906563326e-06,
            7.093420127662115e-05,
            1.4429634324355778e-05,
            0.0005747757669594984,
            4.741017414168201e-05,
            6.378539325032643e-05,
            0.0004639834158160407,
            0.0002630551320424588,
            0.000690245453048833,
            5.7583664863353616e-05,
            2.9736279535334595e-05,
            0.00046266018505531677,
            0.0011350264016853073,
            0.0006109226056913599,
            0.0007114177418195619,
            0.0004333725162479348,
            1.695536417124203e-05,
            5.068384276691232e-05,
            0.00030766061761836695,
            7.762214523715504e-06,
            1.091955658319111e-06,
            8.864999073597557e-05,
            8.310301027128878e-05,
            6.416791160781991e-05,
            0.0005000975297173654,
            5.165940353138456e-05,
            1.948917907210331e-05,
            9.620325169449741e-05,
            8.408973943728854e-05,
            0.0001181411132909605,
            1.5419494836040805e-05,
            6.895788717244836e-06,
            4.229267007080171e-05,
            0.011868762628294938,
            0.011444046360882951,
            0.003819872050063192,
            0.002743037916774328,
            0.0016794158654019906,
            0.002692438807339205,
            0.0011377704788600046,
            0.0017351244936989038,
            0.0014388613059281526,
            0.0022514289073527023,
            0.001359214023218154,
            0.0012127579478446165,
            0.0008055390413727384,
            0.0007924539702648366,
            0.00018357860641405704,
            0.012088894441384324,
            0.0015989057376853998,
            0.0009775060191014116,
            0.0019557423285326615,
            0.0003078491690191237,
            0.0008484263698131556,
            0.000793492897808992,
            0.0010215778231907461,
            0.0012385605190564587,
            0.002608501890872867,
            0.0004507943841044871,
            0.0008576763914490548,
            9.182796814805334e-05,
            0.00031532387081577713,
            0.00038209048410169284,
            5.926294350207485e-05,
            0.0007339879572238077,
            6.59794814948291e-05,
            0.00031843907805622224,
            0.0001749114552682153,
            0.000280236730294208,
            0.001503151579888213,
            0.00017626913687444256,
            0.0008541302735171871,
            5.189146545850283e-05,
            6.305975287067942e-05,
            0.00011549339340332156,
            5.470110610786003e-05,
            0.00013062320307729487,
            8.853790930996168e-06,
            2.241654633584507e-05,
            0.00043733987759706703,
            0.00015418528540757476,
            7.035768200438086e-05,
            5.88860807922957e-05,
            4.592938897939973e-05,
            0.0001129159469795446,
            0.0001706390726886614,
            6.902905143003828e-05,
            2.284094075732522e-05,
            0.0012211300428836144,
            0.00011152148728400306,
            5.676102252022677e-05,
            8.79435279511618e-05,
            0.00017092135845814835,
            0.0001087259958206917,
            4.845092227727076e-05,
            0.00016469104522163686,
            9.408521891705848e-06,
            0.0004392805083399673,
            6.291750675297042e-05,
            2.9593516750881502e-05,
            2.2484422021485412e-05,
            0.00047608502506195306,
            6.133904689851195e-05,
            0.0006421593810505545,
            2.4900338814725674e-05,
            2.108901628179056e-05,
            2.737257985327188e-05,
            0.0005586596160925291,
            5.097316613119777e-06,
            1.586026891869854e-05,
            0.0010950594556245349,
            0.011055715782012279
        ]
    },
    "probaAware": true
}