{
    "diagnostics": [
        {
            "type": "ML_DIAGNOSTICS_DATASET_SANITY_CHECKS",
            "message": "Training set might be too small (717 rows) for robust training",
            "step": "Loading train set"
        },
        {
            "type": "ML_DIAGNOSTICS_DATASET_SANITY_CHECKS",
            "message": "The train dataset is imbalanced (balance=0.48), metrics can be misleading",
            "step": "Loading train set"
        },
        {
            "type": "ML_DIAGNOSTICS_DATASET_SANITY_CHECKS",
            "message": "Test set might be too small (179 rows) for reliable performance estimation",
            "step": "Loading test set"
        },
        {
            "type": "ML_DIAGNOSTICS_DATASET_SANITY_CHECKS",
            "message": "The test dataset is imbalanced (balance=0.47), metrics can be misleading",
            "step": "Loading test set"
        }
    ]
}