{
    "predictedClassCountPerCut": [
        {
            "true": 179
        },
        {
            "true": 123,
            "false": 56
        },
        {
            "true": 90,
            "false": 89
        },
        {
            "false": 106,
            "true": 73
        },
        {
            "false": 112,
            "true": 67
        },
        {
            "false": 122,
            "true": 57
        },
        {
            "false": 133,
            "true": 46
        },
        {
            "false": 139,
            "true": 40
        },
        {
            "false": 142,
            "true": 37
        },
        {
            "false": 147,
            "true": 32
        },
        {
            "false": 151,
            "true": 28
        },
        {
            "false": 154,
            "true": 25
        },
        {
            "false": 156,
            "true": 23
        },
        {
            "false": 157,
            "true": 22
        },
        {
            "false": 157,
            "true": 22
        },
        {
            "false": 160,
            "true": 19
        },
        {
            "false": 162,
            "true": 17
        },
        {
            "false": 164,
            "true": 15
        },
        {
            "false": 166,
            "true": 13
        },
        {
            "false": 169,
            "true": 10
        },
        {
            "false": 170,
            "true": 9
        },
        {
            "false": 171,
            "true": 8
        },
        {
            "false": 173,
            "true": 6
        },
        {
            "false": 174,
            "true": 5
        },
        {
            "false": 175,
            "true": 4
        },
        {
            "false": 175,
            "true": 4
        },
        {
            "false": 175,
            "true": 4
        },
        {
            "false": 175,
            "true": 4
        },
        {
            "false": 175,
            "true": 4
        },
        {
            "false": 176,
            "true": 3
        },
        {
            "false": 177,
            "true": 2
        },
        {
            "false": 178,
            "true": 1
        },
        {
            "false": 178,
            "true": 1
        },
        {
            "false": 179
        },
        {
            "false": 179
        },
        {
            "false": 179
        },
        {
            "false": 179
        },
        {
            "false": 179
        },
        {
            "false": 179
        },
        {
            "false": 179
        }
    ],
    "cuts": [
        0.0,
        0.025,
        0.05,
        0.075,
        0.1,
        0.125,
        0.15,
        0.175,
        0.2,
        0.225,
        0.25,
        0.275,
        0.3,
        0.325,
        0.35,
        0.375,
        0.4,
        0.425,
        0.45,
        0.475,
        0.5,
        0.525,
        0.55,
        0.575,
        0.6,
        0.625,
        0.65,
        0.675,
        0.7,
        0.725,
        0.75,
        0.775,
        0.8,
        0.825,
        0.85,
        0.875,
        0.9,
        0.925,
        0.95,
        0.975
    ],
    "predictedClassCount": {
        "false": 154,
        "true": 25
    },
    "probabilityDensities": {
        "false": {
            "density": [
                0.0003010836127793079,
                0.0005015377554671848,
                0.0008156059177619965,
                0.0012950532158379079,
                0.0020081748918780243,
                0.0030416154633135036,
                0.004500742744829853,
                0.006507818111664384,
                0.00919724793970457,
                0.01270740423233831,
                0.017168882068844423,
                0.02268959850782297,
                0.029337770526690978,
                0.037124439247024826,
                0.04598771299572567,
                0.0557811643733684,
                0.06626874802095906,
                0.07712816947774828,
                0.08796385650200086,
                0.09832964527536016,
                0.10776011957887582,
                0.11580837599851039,
                0.12208697692102732,
                0.12630812499648084,
                0.12831875353440322,
                0.12812635228935584,
                0.125911973781436,
                0.12202797732068797,
                0.11697958842638281,
                0.11139113278890903,
                0.1059596364163222,
                0.10140011953669356,
                0.09838810489395573,
                0.09750541083821396,
                0.09919509013200602,
                0.10373039849826934,
                0.11120103596100615,
                0.12151779975584462,
                0.1344344916304668,
                0.1495837434260489,
                0.1665216710403945,
                0.18477520514502394,
                0.20388576102559164,
                0.2234436611618679,
                0.24310932552886105,
                0.26261945772827483,
                0.2817789206944297,
                0.30044129736103925,
                0.31848288089126564,
                0.33577576000778897,
                0.3521656516602437,
                0.3674592598298308,
                0.3814244187676456,
                0.3938043870641056,
                0.40434565347610113,
                0.412836685880386,
                0.41915332265346456,
                0.42330507241907034,
                0.4254755992009612,
                0.426050354069259,
                0.42562495678537027,
                0.42498977423288264,
                0.42508924036649925,
                0.4269585478347433,
                0.4316447756836553,
                0.44012336897261967,
                0.4532231393566752,
                0.4715728012558029,
                0.4955791738376956,
                0.5254419054906375,
                0.5612029184571584,
                0.6028221971997993,
                0.6502666382121127,
                0.7035967125701151,
                0.7630372383572915,
                0.8290232528627229,
                0.902218498578605,
                0.9835103787880384,
                1.0739891813461038,
                1.1749191464114805,
                1.2877039105610533,
                1.4138399321291788,
                1.5548413189594552,
                1.7121119448405073,
                1.8867400897449993,
                2.0792003157461205,
                2.2889677809188775,
                2.514079249120057,
                2.7507067322483327,
                2.9928354850977903,
                3.23214882194737,
                3.4582107777234103,
                3.659001362932161,
                3.8218016417866005,
                3.9343570229347575,
                3.986181540632679,
                3.9698193684361973,
                3.881865368069366,
                3.7235705567759956,
                3.5009185570813877
            ],
            "median": 0.9479643132897262
        },
        "true": {
            "density": [
                3.5009185570814,
                3.7235705567760022,
                3.8818653680693727,
                3.9698193684362115,
                3.9861815406327037,
                3.9343570229347296,
                3.8218016417866036,
                3.6590013629321483,
                3.458210777723398,
                3.232148821947367,
                2.992835485097785,
                2.750706732248325,
                2.5140792491200683,
                2.2889677809188735,
                2.0792003157461205,
                1.8867400897449977,
                1.7121119448405042,
                1.5548413189594565,
                1.4138399321291788,
                1.28770391056105,
                1.1749191464114752,
                1.073989181346102,
                0.9835103787880366,
                0.902218498578605,
                0.8290232528627223,
                0.7630372383572909,
                0.7035967125701151,
                0.6502666382121116,
                0.6028221971997988,
                0.5612029184571579,
                0.5254419054906384,
                0.49557917383769473,
                0.47157280125580336,
                0.4532231393566756,
                0.4401233689726209,
                0.4316447756836545,
                0.42695854783474296,
                0.42508924036649925,
                0.42498977423288264,
                0.42562495678537177,
                0.4260503540692583,
                0.4254755992009612,
                0.42330507241906995,
                0.41915332265346417,
                0.41283668588038674,
                0.4043456534761015,
                0.3938043870641056,
                0.38142441876764627,
                0.36745925982983113,
                0.352165651660244,
                0.3357757600077902,
                0.3184828808912665,
                0.3004412973610401,
                0.28177892069443083,
                0.2626194577282759,
                0.24310932552886094,
                0.2234436611618679,
                0.20388576102559136,
                0.18477520514502394,
                0.16652167104039436,
                0.1495837434260488,
                0.13443449163046675,
                0.12151779975584456,
                0.11120103596100611,
                0.10373039849826934,
                0.09919509013200606,
                0.09750541083821396,
                0.09838810489395573,
                0.1014001195366936,
                0.1059596364163222,
                0.11139113278890908,
                0.11697958842638276,
                0.12202797732068793,
                0.12591197378143607,
                0.12812635228935584,
                0.12831875353440322,
                0.12630812499648084,
                0.12208697692102732,
                0.11580837599851045,
                0.10776011957887582,
                0.09832964527536012,
                0.0879638565020009,
                0.07712816947774821,
                0.06626874802095903,
                0.05578116437336845,
                0.04598771299572563,
                0.03712443924702485,
                0.029337770526690937,
                0.02268959850782298,
                0.01716888206884441,
                0.01270740423233831,
                0.009197247939704578,
                0.0065078181116643725,
                0.00450074274482986,
                0.0030416154633134953,
                0.0020081748918780243,
                0.0012950532158379124,
                0.0008156059177619965,
                0.0005015377554671857,
                0.00030108361277930896
            ],
            "median": 0.0520356867102738
        }
    }
}