{
  "state": "DONE",
  "preSearchDescription": {
    "gridLength": 2,
    "searchStrategy": "GRID",
    "importantParams": [
      {
        "name": "trees",
        "vals": [
          "100"
        ]
      },
      {
        "name": "depth",
        "vals": [
          "6",
          "19"
        ]
      },
      {
        "name": "min_samples",
        "vals": [
          "1"
        ]
      }
    ]
  },
  "postSearchDescription": {
    "importantParams": [
      {
        "name": "trees",
        "val": "100"
      },
      {
        "name": "depth",
        "val": "19"
      },
      {
        "name": "min_samples",
        "val": "1"
      }
    ]
  },
  "resumed": false,
  "timeOrderingEnabled": false,
  "sampleWeightsEnabled": false,
  "modelId": "m1",
  "progress": {
    "top_level_todo": [],
    "stack": [],
    "top_level_done": [
      {
        "name": "Loading train set",
        "time": 862
      },
      {
        "name": "Loading test set",
        "time": 103
      },
      {
        "name": "Collecting statistics",
        "time": 215
      },
      {
        "name": "Preprocessing train set",
        "time": 426
      },
      {
        "name": "Preprocessing test set",
        "time": 200
      },
      {
        "name": "Hyperparameter searching",
        "time": 6054
      },
      {
        "name": "Fitting model",
        "time": 1020
      },
      {
        "name": "Saving model",
        "time": 591
      },
      {
        "name": "Scoring model",
        "time": 1484
      },
      {
        "name": "Preparing explainability",
        "time": 45139
      }
    ]
  },
  "startTime": 1750013193310,
  "endTime": 1750013249462,
  "preprocessingTime": 1831,
  "trainingTime": 54321,
  "hyperparamsSearchTime": 6054,
  "pythonVersion": "3.6.8",
  "packagesVersion": {
    "pandas": "1.1.5",
    "scikit-learn": "0.20.4",
    "scipy": "1.2.3",
    "lightgbm": "3.2.1",
    "flask": "1.0.4",
    "itsdangerous": "2.0.1",
    "jinja2": "2.11.3",
    "xgboost": "1.5.2",
    "werkzeug": "2.0.3",
    "statsmodels": "0.12.2",
    "markupsafe": "2.0.1",
    "cloudpickle": "1.5.0"
  }
}