{
  "starred": false,
  "clusterMetas": {},
  "customMeta": {
    "kv": {}
  },
  "tags": [],
  "activeClassifierThreshold": 0.275,
  "description": "",
  "name": "Random forest (s6) - v1",
  "labels": [
    {
      "key": "trainDataset:dataset-name",
      "value": "ccus_world_data_prepared"
    },
    {
      "key": "testDataset:dataset-name",
      "value": "ccus_world_data_prepared"
    },
    {
      "key": "evaluationDataset:dataset-name",
      "value": "ccus_world_data_prepared"
    },
    {
      "key": "model:algorithm",
      "value": "RANDOM_FOREST_CLASSIFICATION"
    },
    {
      "key": "model:date",
      "value": "2025-06-15T18:47:29.462+0000"
    },
    {
      "key": "evaluation:date",
      "value": "2025-06-15T18:47:29.462+0000"
    },
    {
      "key": "model:name",
      "value": "Random forest (s6) - v1"
    }
  ]
}